ID, Media, Link
1062761581711364097,@AWLady1 Looks good to us Ashley! We hope you enjoyed your break?!  ,
1062761209680793601,@AnaEksteen  ,
1062760965601665024,@erabin Hi Emily  KITKAT is licensed to Hershey in the US. Please get in touch with the Nestl  customer service tea  https://t.co/SJh1VZgcFf,
1062759811975168002,@soozavery Hi there  Nestl  is fully committed to ensuring that our products are not  associated with deforestation  https://t.co/WcNi3NPoK4,
1062758834945564678,@breann_turner Hi Breann  we're sorry to see this. Please contact our customer services and we ll try to find your  https://t.co/3P3RERuAFb,
1062758031157551104,@dianew1616 Hi Diane  Nestl  is fully committed to ensuring that our products are not  associated with deforestatio  https://t.co/foxYjcKtVW,
1062396856796434432,@MattCagampan We're sorry to see this Matt. Please contact our customer services and we ll try to find your missing  https://t.co/aDW7QfVIOu,
1062395330304663552,@chellemybell22 We couldn't agree more! Sharing is caring!  ,
1062394455267913728,@HaskellSos Hi there  Nestl  is fully committed to ensuring that our products are not associated with deforestation  https://t.co/mm1I0pi9HJ,
1062393889125003264,@BennyMeadows Hi Ben  Nestl  is fully committed to ensuring that our products are not associated with deforestation  https://t.co/IAzMAt04j8,
1062393649965817857,@_emorrison Hi Emily we're sorry to see this. Please contact our customer services and we ll try to find your missi  https://t.co/INkGCQ43fI,
1062020313054089219,@BailyHammett There's no wrong way in our books Baily but if we had to choose  this is how we'd do it!: https://t.co/WriSyZ6hDb,http://pbs.twimg.com/media/Dr0NyP3WoAAtLca.jpg
1061966636813557762,@mrswilliamss28 We're glad you're a fan Sheena!  ,
1061966112538181632,@NJCrosbie Hi Nicola  Nestl  is fully committed to ensuring that our products are not associated with deforestation  https://t.co/zm21L6unSF,
1061965823185694720,@NjeriNash We're glad you liked it! KITKAT cheese cake is going straight in the suggestion box!  ,
1061965089325174784,@Backrow20 Hi there  Nestl  is fully committed to ensuring that our products are not associated with deforestation  https://t.co/TVdiYeFick,
1061963736972451840,@DanBon83 Thanks for the love Danny! We're glad you're a fan of Tiramisu KITKAT!  ,
1061963518323421184,@Tman481  ,
1061963016240095239,@martahmera @NestleUKI Hi Marta  we're sorry to see this. Please contact our customer services and we ll try to fin  https://t.co/eUGf1nEsPe,
1061962656263929861,@PlusuneFrambois Hi Caroline  we're sorry to see this. Please contact our customer services and we ll try to find y  https://t.co/Q3e9Mk0A2O,
1060920564137816064,@Astromike_ There's no wrong way in our books Mike but if we had to choose  this is how we'd do it!: https://t.co/dmez1A7QCV,http://pbs.twimg.com/media/DrklmOnX4AEny-Y.jpg
1060920312316022786,@W0nd3rwall_  ,
1060920051459674114,@briannapethtel We hope we could help Brianna!  ,
1060919506929881088,@justinlilee Hi there  we're sorry to see this. Please contact our customer services and we ll try to find your mis  https://t.co/q2l3kTJFF1,
1060919048836472832,@SigsAnna Hi Anna  we're sorry to hear this. Please contact Nestl  Consumer Services directly either by email at: c  https://t.co/jllO6sROBd,
1060560734264930304,@HiSVictoriaW BFF breaks are the best! We hope you keep this lunch tradition going Victoria!  ,
1060559535604199424,@LomeliMaria__ We hope you enjoy a mini break!   ,
1060559360131297280,@Morriceosaurus Hi Trevor  we're sorry to see this. Please contact our customer services and we ll try to find your  https://t.co/fD9b5fxWbs,
1060554292434796545,@bfr_anaclara  ,
1060291119152615424,@tiana_marks We're glad you're a fan Tiana!  ,
1060279524481531908,@sameri8383  ,
1060278264051236868,@AisayKaisay Thanks for the love Bilal!  ,
1060277602424946701,@RobEisler Hi there Robert  we're sorry to see this. Please contact our customer services and we ll try to find you  https://t.co/MKYkYSzeJZ,
1060276206245986304,@BenningBass Very kind words there! Thanks for the love!  ,
1059879483510083585,@stevob777 There's no wrong way in our books Stephen but if we had to choose  this is how we'd do it!: https://t.co/kJZ6FO4lqw,http://pbs.twimg.com/media/DrVysdKXcAAO9LM.jpg
1059878889617526787,@joanbuhat Hi there  we're sorry to see this. Please contact our customer services and we ll try to find your missi  https://t.co/IlscbC7pGL,
1059878580203724800,@Miss_Rhi_Rhi We're glad you finally found us Rhian!  ,
1059878186190811138,@WolfieTweetz There's no wrong way in our books Wolfie but if we had to choose  this is how we'd do it!: https://t.co/ISlgiK1aNo,http://pbs.twimg.com/media/DrVxheZWwAEtt0y.jpg
1059877573616918528,@Annesikateh Enjoy that break Annes!  ,
1059877253503504385,@jndub We hope you enjoyed your KITKAT break Jacques!  ,
1059511087173943296,@Reemo383  ,
1059510009778778113,@Haps_beatz Looks good to us! We hope you enjoyed that study break!  ,
1059509387453235200,@danalynne18 Thanks for the love Dana!   ,
1059503770323877888,@cacahlourenco  ,
1059503602660790278,@starlight918_ Oh no! That s not the break you deserve! KITKAT is licensed to Hershey in the US  please get in touc  https://t.co/G749i6t1Ym,
1058401173168906241,@Tolu_Megamind Thanks for the love Tolu! Happy breaking!  ,
1058400851881025536,@a_n_d_r_e_w_w_ Thanks for the love Andrew!   ,
1058400674067738624,@jumpsch  ,
1058400173406208000,@brendanwalsh99 Thanks for the love Brendan! We're glad you're a fan!  ,
1058045394180018176,@SiphesihleVazi How did your KITKAT turn out Vazi?! We hope you had a great time!  ,
1058044838594203649,@johnasee_ Very kind words there Johnasee! Thanks for the love and we're glad you had a great Halloween!   ,
1057960877989736449,@KyleGlentworth Thanks for the love Kyle!  ,
1057958041230995456,@spiceyadswan @KitKat_US Hey Tony  there's no wrong way in our books but if we had to choose  this is how we'd do i  https://t.co/3VgNVFqZQb,
1057684826902487040,@xoericacakes We're glad you found us Erica! Happy breaking!  ,
1057684216597696512,@AmjadAlwareh We hope you have a ghoulishly good Halloween break Amjad!  ,
1057683802208776192,@xx_maz_x Oh no Maz! That s not the break you deserve this Halloween! Please make sure you get in touch with us so  https://t.co/aZmp11Qn3G,
1057680177071906816,@thecakeshows Thanks for giving KITKAT Ruby a try! We would love to know what you thought of the taste? We would lo  https://t.co/g2S8gGucrr,
1057678312565325824,@marcskinner92 We're glad you're a fan Marc! Happy breaking!   ,
1057678039658717184,@DadManTweeting   This could be the scariest thing we've read this Halloween!  We hope you change your mind and enj  https://t.co/bi6IYLTo75,
1057676668746244096,@LOyefeso @MBDChicago Do it Lekan! We would love to know what you think?!  ,
1057676278701142016,@Yasir8915 Thanks for the love Yasir! Have a great Halloween break!  ,
1057313103178854400,@LenBoogs Never too late Len! Thanks for the love and enjoy those dark chocolate KITKAT breaks!  ,
1057312748051271681,@kayleighmillsx Thanks for the love Kayleigh! We're glad you're a fan!  ,
1057312510263607296,@AngieGraddy There's no wrong way in our books but if we had to choose  this is how we'd do it!   https://t.co/alCNNNLUqB,http://pbs.twimg.com/media/DqxUCnpWkAEnAfJ.jpg
1057311511088119811,@KellyKrammes Great selection there Kelly! Which one was your favourite?!  ,
1057242157667532800,Give these ghoulishly good KITKAT Mummy Tartlets a try this #Halloween. We promise they are fang-tastic!   https://t.co/0GCJWS73p4,http://pbs.twimg.com/amplify_video_thumb/1057239940357111808/img/wtJt0txoeFh-k4Fo.jpg
1056955823799369728,@YYonnette Hi Yonnette  Nestl  is fully committed to ensuring that our products are not  associated with deforestat  https://t.co/NTz6nyuise,
1056954938637598720,@julisaisrad We're glad you found us Julisa! Happy breaking!  ,
1056954510881492993,@DylanDubeault @KITKATca Happy breaking Dylan!  ,
1056953314078797824,@trevor_purpur Oh no Trevor! That s not the break you deserve! Please make sure you get in touch with us so we can  https://t.co/iWKfvCkTOy,
1056891775632183302,@sucram1892 Hi Marcus  we're sorry to see this. Please contact Nestl  Consumer Services directly either by email at  https://t.co/lEZi8DbaHz,
1056877741511974913,@pinkfrida71 Oh no Natalie! That s not the break you deserve! Please make sure you get in touch with us so we can h  https://t.co/LBXQoaP7Ii,
1056877307334410245,@BearOfTwitch There's no wrong way in our books but if we had to choose  this is how we'd do it!   https://t.co/kgYlEpGBG8,http://pbs.twimg.com/media/DqrHvb2WkAMkRrs.jpg
1056876240601317376,@SheniceWade We're glad you're a fan Shenice!  ,
1056862598061326337,Give trick-or-treaters a break this #Halloween with these spooky KITKAT lollipops!   https://t.co/BipqfmjDSG,http://pbs.twimg.com/amplify_video_thumb/1056851122642673665/img/Kr8N6EkFcuzlSX9M.jpg
1055821218719453185,@calirozzy Thanks for the love Roslyn! We're glad you're a fan!  ,
1055820520518836224,@KingBRS_Yt There's no wrong way in our books but if we had to choose  this is how we'd do it!   https://t.co/Hh8mviwh4L,http://pbs.twimg.com/media/DqcG_EhWoAIgKr3.jpg
1055819922838863873,@wayneaket Hi Wayne  we're sorry to hear this. Please contact Nestl  Consumer Services directly either by email at:  https://t.co/jwlnbOY2hs,
1055819387616276480,@hunna_dj Oh no! That s not the break she deserves! Please make sure she gets in touch with us so we can help find  https://t.co/8ZdUi3lCP1,
1055438616233684993,@AineFuller1 Hi Aine  we're sorry to hear this. Please contact Nestl  Consumer Services directly either by email at  https://t.co/rOkN33k97X,
1055437916984541189,@gaz2801 Thanks for the love Gareth! We're glad you're a fan!  ,
1055437695474900992,@POINT45AUTO Oh no! That s not the break you deserve Lou! Please make sure you get in touch with us so we can help  https://t.co/PEJvWici2N,
1055377869181014016,Happy hauntings! Celebrate #Halloween this year by whipping up this boo-tiful KITKAT Pumpkin Pie to share with frie  https://t.co/VeZbl2jGlR,
1055113879481671681,@richmondd81 Hi Dawn  there's no wrong way in our books but if we had to choose  this is how we'd do it!   https://t.co/iZ9QmvaU1t,http://pbs.twimg.com/media/DqSEadeX0AI70it.jpg
1055113352412835840,@mhdhamad Looks good to us! We hope you enjoyed your break?!  ,
1055113117569556481,@mickyg6781 Hi Michael  we're sorry to hear this. Please contact Nestl  Consumer Services directly either by email  https://t.co/uSs0b2saqv,
1054777254952218625,@ChelseaFinogwar Oh no! That s not the break you deserve Chelsea! Please make sure you get in touch with us so we c  https://t.co/VgiHB8UH84,
1054776656869670912,@scorpiongma A great place to have a break! Thanks for sharing Valerie!  ,
1054773390706384896,@Meoww_Mixx Thanks for the love! We're glad you're a fan!  ,
1054773042432360449,@immark_cebe We hope it helps! Enjoy those breaks!  ,
1054771961405079552,@D3L_BOY That s not the break you deserve Dan! Please make sure you get in touch with us so we can help find your m  https://t.co/TnXtPLBB0e,
1054771294716215296,@jordansymone_ That s not the break you deserve Jordan! KITKAT is licensed to Hershey in the US  please get in touc  https://t.co/wN6gMPkJ0a,
1054769634967207936,@DKNeYo These KITKAT cupcakes look incredible David! Thanks for sharing! We hope they taste as good as they look!  ,
1054768499892121600,@simon_fozard Hey Foz! We're sorry to see this  that s not the break you deserve. Please make sure you get in touch  https://t.co/8I39WImJ0N,
1054767510090846213,@UnderNeb We're sorry to see this Ben! Please make sure you get in touch with us so we can help find your missing w  https://t.co/EgMKx4BLE3,
1054766964592263168,@sophie_hilton7 Oh no! That s not the break you deserve Sophie! Please make sure you get in touch with us so we can  https://t.co/iOQ8cYofZ3,
1054734268193300482,@garykli @Nestle Oh no! That s not the break you deserve Gary! KITKAT is licensed to Hershey in the US  please get  https://t.co/MfjTjmstxx,
1054733506297937925,@Dommili29 Thanks for the love!  ,
1054732292827111424,@akaJrod We couldn't agree more! We hope you enjoyed that early morning coffee break!  ,
1052967044986167296,@JanaBananaQUACK Looks good to us! We hope you enjoyed your break Jana?!  ,
1052966109534724096,@trishaaam Oh no! That s not the break you deserve Trisha! Please make sure you get in touch with us so we can help  https://t.co/bNgHPLq76r,
1052965407395643392,@EricTannehill That s not the break you deserve Eric! KITKAT is licensed to Hershey in the US  please get in touch  https://t.co/AIFi8Xkanv,
1052965132857425920,@busyworkingmum1 We're glad you're a fan! Enjoy those breaks!  ,
1052612387268952069,@notsard Looks pretty good to us! Hope you had a good break!  ,
1052611953535930368,@alyncrome We're glad you're a fan Ethaniel!  ,
1052611731510444032,@eagb22 Thanks for the love Elizabeth!  ,
1052611191397408770,@Melanie1642 We're glad you're a fan Mel and hope you had a good break?!  ,
1052610663745499136,@simond177 Thanks for the love Simon!  We're glad you're a Lemon Drizzle KITKAT fan!  ,
1052607540930994177,@K19355085 Oh no! That s not the break she deserves! Please make sure she gets in touch with us so we can help find  https://t.co/X2CrGEcH23,
1052172825384144896,@hannahrees2984 That KITKAT cheesecake looks incredible Hannah!   We hope it tasted as good as it looks! Make sure  https://t.co/qVVyc1Srt4,
1052172212680253440,@JJoXXo Hi Jamie we're sorry to see this. Please contact Nestl  Consumer Services directly either by email at: cons  https://t.co/KkDOvbBXYF,
1052171602522202112,@CheyMion Thanks for the love Chey!  ,
1052171461866217472,@AnnaAnnabrown  ,
1052171111750864896,@JeremyTheMVP We're glad you're a fan Jeremy!  ,
1052170321514651648,@gordwright Sure is! Great find there! What did you think of the taste Gord?!  ,
1052169880789757953,@Amanda_B6 @Nestle That s not the break you deserve Amanda. KITKAT is licensed to Hershey in the US  please get in  https://t.co/ufqpgqGwph,
1052165979856355328,@M_Canadian  ,
1052165027204145152,@BimsaraDinidu @ChOcLoTe Looks good to us! We hope you enjoyed your break?!   ,
1052164702099394561,@MartynPoole @Nestle We're glad you're a fan of Wasabi KITKAT Martyn. It's going straight in our suggestion box for the UK.  ,
1050769833518878720,@jstich09 Great choices! We're glad you're a fan of Wasabi KITKAT and definitely think it's worth booking a return  https://t.co/tN1Q81UvUs,
1050767024304087041,@Steves_Kitchen These KITKAT cakes look incredible Steve!   Make sure you share any of your future creations!  ,
1050764970730942464,@jstich09 We couldn't agree more Jasmyn! Great haul there! Have you tried them all yet and do you have a favourite flavour?!  ,
1050764441648795653,@lilhulk86 There's no wrong way in our books @lilhulk86 but if we had to choose  this is how we'd do it!: https://t.co/EKkMaJLmXz,http://pbs.twimg.com/media/DpUQnlOXUAA7fEn.jpg
1050763910121447425,@HrycaK Don't 'break' our heart Mike!  ,
1050763072934174726,@JayNeale @jstich09 They look good to us Jay!  Make sure you let us know which one is your favourite!  ,
1050761154870546433,@NardieInJapan We're glad you're a fan! Thanks for the love!  ,
1050760878566576128,@MikeBennettArt This is spook-tacular Mike! Thanks for sharing!  ,
1050760007275417600,@triple_ek Does this help Alex?:   It's the best we could do right now! We hope you manage to have a break soon!,
1050759761283702786,@Shelbyjogray Oh no Shelby! That s not the break you deserve. KITKAT is licensed to Hershey in the US  please get i  https://t.co/wCuDmLwP7o,
1050759057118810112,@jiminnnnniee We're glad you're a fan! Enjoy those Gold KITKAT breaks!  ,
1050366580981293061,@sinosijulie That s not the break you deserve Jules! Please get in touch with us so we can help find your missing w  https://t.co/xvPLRffq9v,
1050365866968317952,@MissNadieB Hi Nadine we're sorry to see this. Please contact Nestl  Consumer   Services directly either by email a  https://t.co/ES3e8ZswnM,
1050365281628028928,@SugarAM33 There's no wrong way in our books but if we had to choose  this is how we'd do it!: https://t.co/h4i4U2Vdvh,http://pbs.twimg.com/media/DpOlnikW0AE3PWh.jpg
1050363825244033025,@aliasgoodmusic We're glad you liked it! No plans for a caramac KITKAT at the moment but we will add it to the sugg  https://t.co/OZDLpOd6Fu,
1050064589184995328,@MegScott2229 We're glad you like it Meghan!  We hope you give it a try! It's ghoulishly good!  ,
1050063384866111488,@__peachfuzz  ,
1050063192309882880,@fishsticksauce Hi Bert  KITKAT is licensed to Hershey in the US  please reach out to @KitKat_US who can help answe  https://t.co/QsIGNrwWZc,
1050061722965475329,@tsuki__1205  ,
1050061551565180929,@brookecharleyyy Thanks for the love Brooke! We're glad you're a fan!  ,
1050060475927601154,@GunnarHaskins Hi Gunnar! We couldn't agree more! Peanut Butter KITKAT does exist but you will need to travel for i  https://t.co/rCQGsZcpL6,
1050058887368531968,@julie_romanszky Looks good to us! We hope it helped Julie!  ,
1050023144675631105,Have a spook-tacular break this #Halloween by trying your hand at this KITKAT Ruby Cheesecake! https://t.co/9SI9vWafWX,http://pbs.twimg.com/amplify_video_thumb/1047403170358599680/img/VpXyOCo0gE7YSEUJ.jpg
1050022220792287232,@game_coping There's no wrong way in our books @game_coping but if we had to choose  this is how we'd do it!: https://t.co/Cp269FLW0a,http://pbs.twimg.com/media/DpJtVXoWsAI0oAT.jpg
1050021203644166144,@DaveMassen Hi Dave  we're sorry to see this. Please contact our customer services and we ll try to find your missi  https://t.co/uY12kY8wky,
1049966019152875523,@jatin_Arora95 We re sorry to see this  Jatin. Please contact our customer services and we ll try to find your miss  https://t.co/goloNQM9fE,
1049712789311381505,@JessieeDi   Gimme a break Gimme a break Break me off a piece of that KITKAT Bar  ,
1049712004494217216,@EmilySEcker Good luck with your search  let us know how it goes!  ,
1049711608275066880,@OliverCreasey_ It's got a good ring to it  Oliver - we'll be sure to pop it in the suggestion box.  ,
1049710819636862976,@awkwardcase So glad you're a fan  thanks for spreading the KITKAT Chunky Salted Caramel Fudge love.  ,
1049710439880384512,@EGood04 Hi  sorry to see this. KITKAT is licensed to Hershey in the US  please get in touch with @KitKat_US who ca  https://t.co/g1KM2GYcVM,
1049710252206252033,@wakkii0427 @SukiSmile1410 @KITKATJapan No wasabi I'm afraid but we often release different KITKAT Chunky flavours  https://t.co/LNi6PWwjmk,
1049709852728147970,@_paula_costa_ We re sorry to see this  Paula. Please contact our customer services and we ll try to find your miss  https://t.co/FVPIVAQ6ah,
1049613111924281344,@Rachelseeen @KITKATJapan A KITKAT treasure trove right there!  ,
1049611556303106048,@EmilySEcker What a tidy haul! What's your favourite?  ,
1049611132317704193,@cowabungamatey @Pringles Thanks for the love!  ,
1049610916357173250,@SukiSmile1410 @KITKATJapan  ,
1049610807858872320,@sxlssx Oh dear  that s not the break you deserve. Please get in touch with us so we can help find your missing waf  https://t.co/qonmdSWviK,
1049610444405661696,@firstnameMark KITKAT is licensed to Hershey in the US  please reach out to @KitKat_US who can help answer your que  https://t.co/73GGUXKaDa,
1049609989306929152,@ItsLukeMcDowell We're glad you got the break you deserved  Luke.  ,
1049608640813039616,@thetrooper118 We hope you can have a break soon and cure that craving!  ,
1049607825872363520,@LilChunkee @cops Oh dear  that s not the break you deserve but no need to call the Feds!   KITKAT is licensed to H  https://t.co/7CyThe4vBP,
1049607325458321408,@moneytalks45 Hi Mark  sorry to see this. KITKAT is licensed to Hershey in the US  please get in touch with  https://t.co/s7WlzbKomT,
1049606908141850624,@OhNoTatiDidnt We're glad you're a fan! Enjoy those KITKAT breaks!  ,
1049605225668055041,@JGasca34 Oh dear  Jenny  that s not the break you deserve. KITKAT is licensed to Hershey in the US  please get in  https://t.co/bV3jOhdxsf,
1049604717951799296,@AMFussyBroad Think of it as two mini breaks! #twoisbetterthanone ,
1049603586349518848,@scohnes Hi  KITKAT is licensed to Hershey in the US  please reach out to @KitKat_US who can help answer your quest  https://t.co/IihaT6EKJH,
1049603250461265925,@awesome_cammy @Target Hi  KITKAT is licensed to Hershey in the US  please reach out to @KitKat_US who can help ans  https://t.co/FUOAls5lgq,
1049603043422072832,@Bubbleswhaaatt Hi Jessica  KITKAT is licensed to Hershey in the US  please reach out to @KitKat_US who can help an  https://t.co/2ml9c3DF0F,
1049602881945554945,@drksidedd Hi  KITKAT is licensed to Hershey in the US  please reach out to @KitKat_US who can help answer your que  https://t.co/hy01Yvo4XQ,
1049602603594727424,@carooliar Hi  sorry to see this. KITKAT is licensed to Hershey in the US  please get in touch with @KitKat_US who  https://t.co/nAzAjYel0m,
1049601049726767104,@andymiller32 @burchy9 That's not the way we'd do it but each to their own!   https://t.co/BJlisYGks9,http://pbs.twimg.com/media/DpDuGZfX4AAvcIB.jpg
1049267393887965191,@firstnameMark @JenLedger You sure know your KITKAT varieties!,
1049266797189455872,@mayyourhope @qikipedia You wouldn't want to get those mixed up!  ,
1049265433491193857,@krazykristy123 Hi Kristi  sorry to see this. KITKAT is licensed to Hershey in the US  please get in touch with  https://t.co/bz8F104wDu,
1049264131189219328,@RyanGAguilar323 Hi Ryan  KITKAT is licensed to Hershey in the US  please reach out to @KitKat_US who can help answ  https://t.co/FOboVDU02q,
1049262746364260353,@alirose1991 There's no wrong way in our books  Alice but if we had to choose  this is how we'd do it! https://t.co/Ch6tN6w3dW,http://pbs.twimg.com/media/Do-6y_-XsAA_Pa2.jpg
1049262303995224064,@BadgerLoveWI @Starburst @reeses That's always an option!  ,
1049261822510026754,@Strugs_NotDrugs Hi Megan  sorry to see this. KITKAT is licensed to Hershey in the US  please get in touch with  https://t.co/ZXxIfFz5Nq,
1049261390547050497,@kevin_gordish Hi Kevin  KITKAT is licensed to Hershey in the US  please reach out to @KitKat_US who can help answe  https://t.co/jy2WFXvyyt,
1049261068932067328,@RJalil @bbcapprentice @krispykreme @Lord_Sugar Thanks for the love  Rahul - you're NOT fired!  ,
1049260584649351170,@Tolu_ware Thanks for the love  we re glad you re a fan!  ,
1049260196776857600,@lindsaylazy We always advise saving some for a rainy day!  ,
1049259421824638976,@tayloredythe14 Hi Taylor  we're glad you're a fan and will be sure to drop this in the suggestion box!,
1049258520137351170,@JessePresley9 @SoulStealer25 There's no wrong way in our books  as long as you enjoy your break!  ,
1049257698011885568,@dollv0mit We hope you can have a break soon and cure that craving!,
1049257231710138368,@cowabungamatey @Pringles Great snacking combo!,
1049256625935196160,@granola_hoe Sorry to see this. KITKAT is licensed to Hershey in the US  please get in touch with @KitKat_US who ca  https://t.co/9Yh39vYHzv,
1049255757760409604,@SukiSmile1410 @KITKATJapan Great find! What did you think of the taste?!  ,
1049255240426561536,@SukiSmile1410 @KITKATJapan Great find  we hope you enjoyed it!  ,
1049254446457413632,@Rachelseeen Top find!  ,
1049253775972687872,@firstnameMark @JenLedger Glad you're a fan  Mark - what other flavours do you like? ,
1049253061603016709,@helper_child We're glad they're already fans! Hope they enjoyed their break.  ,
1049251347000971265,@carpyswagner Hi Natalie  KITKAT is licensed to Hershey in the US  please reach out to @KitKat_US who can help you with this.,
1049250743985819649,@aboutface496 @SukiSmile1410 @KITKATJapan So do we  great find!  ,
1049250365449883648,@SaraHasNoH3 We hope you enjoyed your KITKAT break!  ,
1049249948523540480,@paul_boo6880 Like your thinking  Ted.  ,
1049249473485045760,@TheeSonnyG Oh dear  that s not the break you deserve. Please get in touch with us so we can help find your missing  https://t.co/LQM3ofHqkW,
1049248492781277184,@Milk_Shake_YT @Starbucks  ,
1047457716585877504,Have a break. #InstagramDown https://t.co/uBIc8qwvrN,http://pbs.twimg.com/media/DolRPOnXgAAuXLX.jpg
1042814990997176326,Great find Xavier! Who else would like to try the new Milk Tea KITKAT now available in Malaysia &amp; Singapore?!   https://t.co/riOZjCrZPK,
1041721287457091584,.@claraamfo 11:35ish and you re thinking about KITKATS? Sounds like you need a break  might we suggest this one...  https://t.co/QYAq9jDfIr,
1037004363049447425,FACT https://t.co/ePHQdfwMfM,
1036894166113021952,New limited edition KITKAT GOLD has landed in Australia! Who s managed to get their hands on one? https://t.co/8tPx7byf94,http://pbs.twimg.com/media/DmPJvKQXgAE1yRS.jpg
1036650051815268352,Give your old T-shirts a break! Limited quantities now available worldwide at selected Zara Man stores &amp; online! https://t.co/HWy6ov8AwQ,http://pbs.twimg.com/media/DmLh6-BXgAALZHa.jpg
1032200114016804864,Whip up the perfect summer break to share with friends by making these KITKAT fresh Verrines! #HaveABreak https://t.co/0KWYrT5CZO,http://pbs.twimg.com/amplify_video_thumb/1032191993793925120/img/85JmZaVVcfp3HFo9.jpg
1029657922106793984,Have a break this summer by trying your hand at making this delicious KITKAT summer pie! #HaveABreak https://t.co/mGiebn8jhL,http://pbs.twimg.com/amplify_video_thumb/1029656188185718786/img/9F4H-gJoxResUEIF.jpg
1024597955192545280,Make the most of your summer breaks with these crunchy KITKAT coconut &amp; raspberry bars! #HaveABreak https://t.co/gppSRHC0EC,http://pbs.twimg.com/amplify_video_thumb/1024596955413053440/img/MsBb_Kg_9-6InB5i.jpg
1019502029012684800,Cool down this summer by enjoying a refreshing break with these KITKAT Ruby Iced Pops! #HaveABreak https://t.co/p9eC7tccqf,http://pbs.twimg.com/ext_tw_video_thumb/1019501826922745856/pu/img/PFulK7Gjb4LOVSF1.jpg
1015897082362761216,Need a break? Take a look at how we make ours! #KITKAT   https://t.co/Zl9tnNUJFl,
1015621468288421889,Like how we break? Show us your favourite break this #WorldChocolateDay!  ,
1015616519034888192,Did you know our factory in York makes 5 million KITKAT bars a day?   #WorldChocolateDay https://t.co/ENpff1EQ2z,http://pbs.twimg.com/ext_tw_video_thumb/1015616444871081985/pu/img/IgzOoNvesnY8oXd1.jpg
1015611603650260992,  #MyBreak #WorldChocolateDay https://t.co/flG0sJUoTU,http://pbs.twimg.com/ext_tw_video_thumb/1015611555273158657/pu/img/8_5YP2fIWlSGe7hH.jpg
1015606441430999041,Did you know that the praline inside each KITKAT contains other crushed KITKATS! #WorldChocolateDay https://t.co/uIt6bFEwQ2,http://pbs.twimg.com/ext_tw_video_thumb/1015606381343207424/pu/img/rNerp1Ttv_HHJuf9.jpg
1015601407427317761,Get ready to be amazed! #MyBreak https://t.co/7JmQvNRmIR,http://pbs.twimg.com/ext_tw_video_thumb/1015601345548705794/pu/img/xp2PXmKhVuty335i.jpg
1015596314120347648,Happy #WorldChocolateDay everyone  get ready for us to show you how a break is born!  ,
1015505700628262912,Happy #WorldChocolateDay! https://t.co/xQ35N3xkSR,http://pbs.twimg.com/media/DhbO9lNX4AUxSzA.jpg
1012380898128474114,Best chocolate bars ranked:  10. All chocolate 9. is 8. good 7. chocolate 6. as 5. long 4. as 3. it 2. tastes 1. KITKAT,
1002606984179453952,We all know that one friend that does this...   https://t.co/KUMYxGOwNF,
1001430489532719104,Some say we re a chocolate  some say we re a biscuit  Let s settle this on #NationalBiscuitDay   Vote below!,
999295892795592704,Looking for a heart-warming dish for that special someone? Try this lovely cake for a very exceptional break. https://t.co/KkmCznBftR,http://pbs.twimg.com/ext_tw_video_thumb/999294237479862273/pu/img/06471BvHYOqr3Djm.jpg
997085745230831617,#Laurel... #Yanny... Laurel... Yanny...?   Have a break!,
996804807179554816,I ate your KITKAT #EndARelationshipIn4Words https://t.co/lkFcnyDnN9,http://pbs.twimg.com/media/DdVcJK2WkAA_LrK.jpg
991738070620954625,Hey @grimmers  we heard you were wondering how many KITKAT bars are made in a day... Would you believe us if we tol  https://t.co/mH9sbFgaLI,
988793587767930880,We re just here to have a break    #MyHandleExplained,
986603663312420865,KITKAT Ruby Cupcakes are not out of your reach. Follow these steps and bake it happen! #unexpectedbreak https://t.co/BKfE3Q4wUw,http://pbs.twimg.com/ext_tw_video_thumb/986602369868795905/pu/img/jy_pbK0sBGJZPPWz.jpg
984757809844817920,Let the countdown begin! Discover the new KITKAT made with Ruby chocolate as it makes its way across Europe.  https://t.co/s4O0GfCA0h,
984023321976205312,Discover a new chocolate experience. KITKAT made with Ruby chocolate  is coming to Europe! #RubyChocolate  https://t.co/XxIE0k28pM,
983665455230570496,Milk  dark  white  and RUBY! After its successful debut in Japan and Korea  KitKat Ruby is now launching in Europe:  https://t.co/SbTV0nvs4q,
983616725542490112,KitKat Ruby comes to Europe! With its intense berry flavour  Ruby chocolate offers a unique taste for chocolate lovers #unexpectedbreak,
981840003327315969, #KITKAT Worldwide Election    To celebrate the 45th Anniversary of KITKAT in Japan we are on the hunt for the next  https://t.co/CXCws5HpZU,
980777494788886528,Have a break from Winter and put a spring into your step by giving this KITKAT Tart a go! #HaveABreak https://t.co/3D3Jr5erdJ,http://pbs.twimg.com/ext_tw_video_thumb/980777122838011904/pu/img/BrLQiQkAODxlGTpa.jpg
979969635025113088,Check out this amazing KITKAT Pancake recipe for a mouthwatering break #HaveABreak https://t.co/r0RXAEtpjz,http://pbs.twimg.com/ext_tw_video_thumb/979969275615162368/pu/img/0AZhbajF7TWegvML.jpg
979331200434278400,Don t let this recipe be just a pie in the sky. Have a break and try your hand at making your own Shiny KITKAT Pie.  https://t.co/F8oUfmHwyN,
977817288257818624,Thank you to everyone who turned off their lights to give Planet Earth a break. #SwitchOff #HaveABreak https://t.co/d19d5YZ7hg,http://pbs.twimg.com/ext_tw_video_thumb/977817277419704320/pu/img/Q-dyjEDnfIlJjsno.jpg
977458757352546304,Remember to give Planet Earth a break  #SwitchOff your lights at 8:30pm for an hour. #HaveABreak https://t.co/6mhReXFU7G,http://pbs.twimg.com/ext_tw_video_thumb/977458744098476032/pu/img/oDj1gAucveEgEQHv.jpg
977285128887197698,At 8:30pm tomorrow #SwitchOff your lights to give Planet Earth a break. #HaveABreak https://t.co/aPL88T8qcY,http://pbs.twimg.com/media/DZADpBCWAAYHE3q.jpg
964891522167660544,  Chocolate GOALS!  According to https://t.co/CAcvqxSsBa KITKAT is the #1 Chocolate bar! What's your favourite KITK  https://t.co/Q7kaEMcgXr,
963686208894365697,It s Valentine s Day! Why share a selfie when you can share a KitKat?   Have a break  have a KitKat. https://t.co/gEFzW9byy8,http://pbs.twimg.com/ext_tw_video_thumb/963686161754574848/pu/img/3ctYVjgjH9Wr55A2.jpg
963043448126402560,On this Valentine's Day  instead of sharing your selfies  why not share a KitKat? Have a break  have a KitKat    https://t.co/z4VV2YgGqk,http://pbs.twimg.com/tweet_video_thumb/DV1qzJtXUAAQ2a_.jpg
962262947472007168,This Valentine s Day  have a little break from swiping left and right. The love of your life might be right in fron  https://t.co/bHdfRZ8PkL,
961611445069893632,This Valentine's Day  have a break from swiping. The love of your life might be right in front of you. Have a break  https://t.co/IiGnJIXWM3,
960959203010666496,#KitKat Chocolatory Sublime Ruby is now available to select markets around the world! Register below to find out ab  https://t.co/s2q0HRwtUU,
958341378609737728,Want to be one of the first to get your hands our #KitKat Chocolatory Sublime Ruby? Register below to find out abou  https://t.co/Xby2CSxIdN,
954033088698503168,Pink chocolate? #KitKat has launched a new product in #Japan and #Korea made from the all-natural Ruby cocoa bean w  https://t.co/CE5aFi9oyR,
953882411078684672,Milk  dark  white and RUBY! Today we launched #KitKat Chocolatory Sublime Ruby in #Japan and #Korea   a crispy wafe  https://t.co/qeCbkUtUkX,
944934644818022400,Before you log off for the year  this is one recipe you ll want to add to your wish list. https://t.co/pgBoC0jesU,http://pbs.twimg.com/ext_tw_video_thumb/944934127522009089/pu/img/a-p69kQg66xTGADc.jpg
944161213780553730,Give this frozen KITKAT souffl  recipe a try and watch them disa-pear before your eyes. https://t.co/S9dZ9GNp4O,http://pbs.twimg.com/ext_tw_video_thumb/944159866377113600/pu/img/7OXVJp1IgKMX9wHK.jpg
941338145769115648,Looking for an a-mousse-ing festive desert? Trust us  this cake is berry good. https://t.co/crADfwZZqH,http://pbs.twimg.com/ext_tw_video_thumb/941336252627943424/pu/img/OfODGuytPXKI8ZmE.jpg
925399753478811648,Whip up these freakishly delicious pumpkin-spice Ghost Lollipops for bites  not frights this Halloween. https://t.co/6VYgDD6vTu,http://pbs.twimg.com/amplify_video_thumb/925392228746481664/img/M6GNEo0pa_ARE4BP.jpg
925301345866760193,Halloween is here. Where will you be having a break tonight? Have a break  Have a KITKAT. https://t.co/UQptrBCdb1,http://pbs.twimg.com/amplify_video_thumb/924988780238516231/img/L4ICynxUq4IPisea.jpg
921392398504259584,Prepare yourself for the most terrifying break ever. This Halloween  have a break  have a KITKAT. https://t.co/zof3BSegiQ,http://pbs.twimg.com/ext_tw_video_thumb/921391191488454661/pu/img/Mcr9Bc6RlE6FKZ0e.jpg
921007817783435264,When you consider giving up a whole arm for 4 fingers. This Halloween  have a break  have a KITKAT. https://t.co/dZp6VveHvc,http://pbs.twimg.com/ext_tw_video_thumb/921007560941072384/pu/img/7b3pRLbdndSeNMvl.jpg
920663920708325376,A zombie being chased by a human pack  a zombie being chased by  you get the idea. This Halloween  Have a break  Ha  https://t.co/eqv8G1QlYu,
920276125980463104,This Halloween  an unusual break is coming your way. Stay tuned. https://t.co/XS2hMjgW9L,http://pbs.twimg.com/ext_tw_video_thumb/920275813102227456/pu/img/xol5WepBAf7e-Cdx.jpg
919903075816607745,This Halloween  an unusual break is coming your way. Stay tuned. https://t.co/bsNjhS5lcL,http://pbs.twimg.com/ext_tw_video_thumb/919902795192561664/pu/img/c_CL46aMk6gyRCDT.jpg
899620687412961284,We ll miss you  Ben. Enjoy your big break. #BensBigBreak #BigBen https://t.co/luxlpUm7ZI,http://pbs.twimg.com/ext_tw_video_thumb/899620474438725632/pu/img/wA3qkcqOhGGaPHYB.jpg
893486549651906560,Looks like you've had matchaaa fun on your break @googlygooeys!   https://t.co/BbuAPimJsM,
890550915073277952,Great selection!  Lots of breaks to look forward to there @QuirkyLogic   https://t.co/idOKVCM6hU,
888865217148530688,Thanks for the love @MarcusButler  we hope that was the best break ever!! What flavour do you want to try next?  https://t.co/yGe72Bdhhq,
888081810869161984,Thanks for the love @JayeHanash. Hope you have another great break soon!   https://t.co/sRzVzCpCp5,
888012204460650496,KITKAT cake?  Cake in a KITKAT?  Who fancies an upgrade to their break? #mybreak https://t.co/r03MBxyU9n,
887702627508736000,How about you share those three breaks rolled up in one?#mybreak   https://t.co/GfIT8ppSnh,
886985753187819524,There's always time for a little break! https://t.co/oGBJ6w2RZV,
885065767246548994,Thanks to Chris for showing that all the best breaks feature a KitKat  however you choose to eat it. https://t.co/YmTcVkwWg7,
884446882231091200,Someone give these guys their big break   https://t.co/oNBJHbt5Hs,
883236237431144448,Happy #WorldChocolateDay from @KITKAT... Although  some say we're a biscuit too  Have your say  vote below! #TeamChoc #TeamBiscuit  ,
882630692999507968,Remember to take your breaks! https://t.co/7dNhWMD45F,
882268280777564163,Who's had a taste of our Peanut Butter KITKATs? https://t.co/36Yn05FcFm,
880472745317978113,Have you tried it yet?   https://t.co/x9PVB3tRHo,
880119592072486912,Have you been to one of our KITKAT labs?   https://t.co/Dvwvci9JA6,
875285359340527616,Who's had their personalised KITKAT? https://t.co/h53N537kNT,
874587431642771457,KITKATs can be turned into all kinds of delicious treats... https://t.co/b6veGpDLZF,
872379263680479233,Helen has a break from writing for a KITKAT. When do you have a break?   https://t.co/IbqRG8fdqU,
871695896244871169,  Have you tried it? https://t.co/Eye1ez5QZo,
870570102386814976,What's your favourite flavour?   https://t.co/DT6gbNuugc,
869866887378849792,Have you seen our retro KITKAT boxes?   https://t.co/CsvyGKFGS6,
868114381233639424,  Who else has visited our KITKAT Chocolatory in Malaysia?! https://t.co/YTXiWe1Wcp,
862327679202275328,Who else has tried our Green Tea KITKAT?!    https://t.co/YRTttTRalB,
856432529523462144,Let us be your sweet-tooth saviour with this quick &amp; easy KITKAT #Coconut Square: https://t.co/twn0FIvVAW https://t.co/1m38b81fjg,http://pbs.twimg.com/amplify_video_thumb/852584905691279360/img/xewgWfxkT0WdSS6L.jpg
853895828821254144,What a combo! Have a break and give this Lemon &amp; KITKAT Cheesecake a try!: https://t.co/dELTLUe6xU https://t.co/Rsw9RQKUIs,http://pbs.twimg.com/amplify_video_thumb/852584772606078978/img/NfauwacHjPb3bP1W.jpg
852947671912509440,KITKAT BITES RECALL NOTICE: PEANUT/NUT ALLERGY WARNING We're recalling 1 batch of KITKAT Bites batch code 70720457V  https://t.co/ywTEeN3SmZ,
852841583980539904,KITKAT BITES RECALL NOTICE &amp; NUT ALLERGY WARNING: We're recalling 1 batch of KITKAT Bites  batch code 70720457V2:  https://t.co/lxvHMo7t65,
851550914834042882,Looks good to us Shay!   Who else has tried our Green Tea KITKAT from Japan?! https://t.co/UrBfLFmdLn,
849909712946692096,Long day today at the office? Sounds like you might need a break battle! #mybreak https://t.co/U4GsWJ73Gu,http://pbs.twimg.com/amplify_video_thumb/849906340717887488/img/by02WyihkQYX7-6f.jpg
847735897760059392,What music do you break to? #mybreak #FridayFeeling https://t.co/CtbDNYk1Eu,http://pbs.twimg.com/amplify_video_thumb/847720860534267906/img/g0rctNw5HPrGTfv7.jpg
847381294535237632,Having a break with a KITKAT that features a picture of you having a break with a KITKAT. Is that Meta?! Who eats t  https://t.co/aV6TgX1t9d,
847134387120623616,  Who else has tried our Cookie Dough KITKAT Chunky? https://t.co/VuTo5sLyrr,
846648553841811456,Have an unexpected break!   #mybreak https://t.co/j5uBN2BoYG,http://pbs.twimg.com/amplify_video_thumb/844934514971496449/img/18QpvCNd2Z8JmMOX.jpg
846296130463961089,Great find! Custard Pudding KITKAT from Japan!  Perfect for an Easter break!   https://t.co/OHRG3y2hIl,
844964190330802176,Who else in the UK &amp; Ireland has tried our Peanut Butter KITKAT Bites?!   https://t.co/cmCfU33l4U,
844858835428818944,Have an unexpected break. #mybreak https://t.co/XuiGVBbziW,http://pbs.twimg.com/amplify_video_thumb/844853353020452865/img/IJmP-E4YX3qxPFhR.jpg
843764115097227265,Have a break from sitting. #mybreak https://t.co/NtIaQXllol,http://pbs.twimg.com/amplify_video_thumb/843759384354344960/img/8O7Oq3nbQn6nRvNN.jpg
842679241485553665,Get a kick out of your break. #mybreak https://t.co/Mcao9RcZaD,http://pbs.twimg.com/amplify_video_thumb/842674664895844356/img/tvr0qTNowMBTVdeO.jpg
841952362902257664,The perfect way to settle a tie-breaker #mybreak https://t.co/zUj6loPlZM,http://pbs.twimg.com/amplify_video_thumb/841950516896768000/img/ncVseTSRPAFgisSF.jpg
841227365657255936,Break-dancing on #mybreak https://t.co/syBoAMl4Xs,http://pbs.twimg.com/amplify_video_thumb/841226429924835328/img/if4m1uXS9_lueRHV.jpg
840140203087949825,Get a kick out of your break. #mybreak https://t.co/PW6DqDO6Dr,http://pbs.twimg.com/amplify_video_thumb/840139704695631874/img/4DxaPVbFJbC-Eqjr.jpg
839777978653495296,Net breaker! Who else likes a half time KITKAT break? #mybreak https://t.co/8zoi8rhCIK,http://pbs.twimg.com/amplify_video_thumb/839775494295982080/img/ilLIEuWw4ZQ8TLiV.jpg
834732940852658176,Who else has visited one of our Chocolatory stores?!   Find them in Melbourne   Kuala Lumpur   &amp; across Japan   https://t.co/yzTtCjFmaf,
834704687790174209,A virtual reality break with a twist! #mybreak https://t.co/HwVyn1YRCt,http://pbs.twimg.com/amplify_video_thumb/834700647400427520/img/oDrdtNx-8pzttX21.jpg
833617276456808448,The Ultimate KITKAT Challenge! #mybreak https://t.co/ycSDaNuTdw,http://pbs.twimg.com/amplify_video_thumb/833614721886601216/img/V63PS8kU9CoHrRBu.jpg
832632909911752704,Great question! KITKAT has never been hyphenated! Find out more information on this topic here:  https://t.co/820Qs0pjaN,
832604853197209600,Looks like the perfect break to us Steff!   + + =  #mybreak Who else is enjoying a well deserved break this Friday  https://t.co/vWGwt6570M,
832165935213592581,These KITKAT brownies look incredible Nicko! We can't wait to have a break and try making them!   https://t.co/l4thioFWot,
831442883668541440,#ValentinesBreak #valentines https://t.co/FLWSk6XmB6,http://pbs.twimg.com/amplify_video_thumb/831197171357741057/img/ZzdJ-1Zm647_Ha6Q.jpg
831147355328094209,Who else likes to dunk their KITKAT when having a break?!   https://t.co/aCGkKcLRBM,
828930743510396928,Who else has tried our Cookie Dough KITKAT Chunky?!   https://t.co/rbXhkmUru4,
828559025948213248,KITKAT + Skateboarding = One Inventive Break! #mybreak https://t.co/UhGnw9w7UZ,http://pbs.twimg.com/amplify_video_thumb/828547634898018304/img/lVVensd1cNdaqer4.jpg
828557214470254596,Sounds like the perfect break to us!   https://t.co/NKX3Xj0LAs,
827464182954127361,Snakes &amp; Breaks! #mybreak https://t.co/mwQ6ceIDrs,http://pbs.twimg.com/media/C3u-SWnWAAAx-P3.jpg
827103398277283840,It's a great reason to take a travel break there Sam! Some variations of KITKAT in Japan are only available in spec  https://t.co/q36zhPBHwU,
827099334609141760,Pretty cool right?! We also have Chocolatory stores in Melbourne   and Kuala Lumpur   &amp; had a pop up store in Lon  https://t.co/SLjRz7Vyor,
826731850957717504,Who would you share a break with? #mybreak https://t.co/RyRwAX6pYz,http://pbs.twimg.com/media/C3kkPDHWYAEyR5z.jpg
826007066162712577,Daybreak. #mybreak https://t.co/8CWIiHv8ko,http://pbs.twimg.com/media/C3aRDAuW8AAi7L_.jpg
824557515811721217,Adorable marshmallow sheep cupcake with KITKAT legs! Who would you share this heartbreaker with?! #mybreak https://t.co/Lv0qphFqKn,http://pbs.twimg.com/media/C3FqsFqW8AA3nIi.jpg
824265599987683329,Which KITKAT would you travel all the way to Japan just to try?!   https://t.co/r5r5rWmcIK,
824195132815802371,Avoiding #mybreak is impossible! https://t.co/3EhVM3AaD1,http://pbs.twimg.com/media/C3AhGnCXcAUA_li.jpg
823832738042179587,Where are you having your break today? #mybreak https://t.co/uiRTX2HLo5,http://pbs.twimg.com/media/C27XgZDXgAEnjs9.jpg
823470362650349569,I start seeing things when I need #mybreak https://t.co/avDuvTcsGC,http://pbs.twimg.com/media/C22N7beXUAEEBYp.jpg
822390738965118976,4-F Vision #mybreak https://t.co/lDqJ1eGwBf,http://pbs.twimg.com/media/C2m4BFnWgAAvLEE.jpg
822107318401855490,Enjoy that break Luce! Who else has visited our Melbourne Chocolatory?!    #mybreak https://t.co/Tp3uSj006d,
822020800345731073,Breakdancing #mybreak https://t.co/TGRZrnKBlp,http://pbs.twimg.com/media/C2hnj1wWgAId97V.jpg
821296187768762368,BREAK to Esc! #mybreak https://t.co/ez4BnpRowC,http://pbs.twimg.com/media/C2XUhOfXgAARfGO.jpg
820994656481738753,Interesting choice Samantha! Who else agrees?!   https://t.co/qFTmICYAPI,
820941169614004224,8-Bit Kat #mybreak https://t.co/VkVKWSyGtG,http://pbs.twimg.com/media/C2SQlsOWgAEjWPS.jpg
819180017196339201,Nice break Eman!   #mybreak https://t.co/ELBJcgAwJy,
815348079993962497,Here s to a whole new year of breaks! #HappyNewYear   #mybreak https://t.co/tmX4rhZhGK,http://pbs.twimg.com/media/C1CywXKXcAEOV0k.jpg
815135432207802372,Every year begins and ends with a break!  Happy 2017!  #mybreak  2 0 1 7  https://t.co/79ctTpOQvA,http://pbs.twimg.com/tweet_video_thumb/C0S_Q--W8AADs4G.jpg
812613818329268224,7 continents in 24 hours! A well-earned break helps him through the night! ;) #mybreak   https://t.co/2ECu8ac4nL,http://pbs.twimg.com/media/C0b79Z7XUAAoUni.jpg
812598704351756288,Santa s working harder than usual this year. Find out what s going on     #mybreak https://t.co/8WicxIejly https://t.co/HL7T8Pd9WP,http://pbs.twimg.com/amplify_video_thumb/811570246490300416/img/rPilFeh3XXaLqr0Q.jpg
812236328410587136,Santa swaps his sack of presents for a rubbish bag. Find out why    #mybreak https://t.co/8WicxIejly https://t.co/x3sMzxfTCe,http://pbs.twimg.com/amplify_video_thumb/811975397902467073/img/9lstwgBGGnClZh2d.jpg
811937861012492288,Mop the halls with soapy water tra la la la la  see what Santa got up to next    #mybreak https://t.co/8WicxHWIu0 https://t.co/EOdv6QKYMW,http://pbs.twimg.com/amplify_video_thumb/811937310182764544/img/2gOt0U7IY_15cVg_.jpg
811873957037174784,  Breakin  around the Christmas tree!   Have a happy holiday break everyone! #mybreak https://t.co/PLiCqRxaKa,http://pbs.twimg.com/media/C0RbDztWQAEc--J.jpg
811571958106222592,Why is Santa getting his hands dirty this Christmas? #mybreak     https://t.co/8WicxHWIu0,
811544127196241920,   KITKAT Break Claus  by @KITKAT   Sharing your #workbreak wishes! Full Film: https://t.co/8WicxHWIu0  https://t.co/v46FnpEZLA,
811258617601134592,Break Claus is now signing off!   Happy Holidays everyone! Ho ho ho! #mybreak https://t.co/8WicxHWIu0,
811240582374899712,Break Claus is only here for one more hour to hear your #workbreak wish!  Reply with yours now!   #mybreak https://t.co/JU2triXdsL,http://pbs.twimg.com/tweet_video_thumb/C0Ia7jrXcAEVDbd.jpg
811239340458315776,Hi Adele! Break Claus here!   Timesheets? Ho ho ho  more like Oh oh no! Sleigh no more! My elves are on the case!  https://t.co/fwaFueLP2K,
811220266198114304,Hi L ur   Break Claus here!   I think it depends on whether you've been naugh-tea or nice this year?  #workbreak  https://t.co/HYRsXMEyti,
811213607673413632,What's your #workbreak wish?  Reply with yours now to the Break Claus for a reply! He s online now until 5pm GMT. H  https://t.co/MGGxEjzqp8,
811200893425242112,Hi Benaisha! Break Claus here online!   Does this help?:   It's the best I can do right now until Xmas! ;)  https://t.co/9xm58jv0Ut,
811195407162286081,Hi there S.J! Excellent #workbreak wish!   How about watching: Point Break  Breaking Bad...catch my drift? ;)  https://t.co/JhNjwqA6Xf,
811172143358689280,Share your #workbreak wish with Break Claus today! He ll be online from 1-5pm GMT. Ho. Ho. Ho.   #mybreak https://t.co/CGre86wyl4,http://pbs.twimg.com/tweet_video_thumb/C0HcjeyWIAAo_ew.jpg
810795662270836736,Make sure you chill out and #HaveABreak these holidays! #mybreak https://t.co/8YX1XD2kDk,http://pbs.twimg.com/tweet_video_thumb/C0CDF7pXUAQiBa5.jpg
809775019559624704,Have A Break This Christmas    #mybreak  https://t.co/8WicxHWIu0 via @YouTube,
809371242553708544,You can crumb but you can t hide from #mybreak. Who would you share with? #WorldCupcakeDay https://t.co/whunVK2qYH,http://pbs.twimg.com/tweet_video_thumb/Czt13aBVEAEE32X.jpg
809054316908703744,The perfect time for a break Nicole!   https://t.co/97BNERaxHy,
808620008917987328,The never ending break. #mybreak https://t.co/yO4QTkkIMg,http://pbs.twimg.com/amplify_video_thumb/808618741529387008/img/0KWXUJmN6Di-k3kJ.jpg
808258347808018432,Come into our humble abode Hansel &amp; Gretel  your break is waiting for you! #mybreak #GingerbreadHouseDay https://t.co/r9szaTRxDw,http://pbs.twimg.com/media/Czd7a2GWgAES-vP.jpg
806889540946423808,Who else has had the chance to try our Japanese Sake KITKAT?!    https://t.co/AeELYWeWSV,
806808101080821760,Levitate #mybreak! https://t.co/hP6gQeEPb1,http://pbs.twimg.com/amplify_video_thumb/806804506411290624/img/SsI7kHuTJTqDJf04.jpg
805721008191717376,Abracadabra alakazam! Make #mybreak appear as fast as you can! https://t.co/f5echB1wFL,http://pbs.twimg.com/amplify_video_thumb/805718323107229696/img/UCV2_C7I1qrJfGJd.jpg
804283161479933952,Great question Jacqueline! The KITKAT name has never been hyphenated on either the UK or US wrappers.  https://t.co/0ppU72ktDX,
804263850883371008,Magic is something you make  KITKAT is something you break. #mybreak https://t.co/pImuJRliB8,http://pbs.twimg.com/amplify_video_thumb/804261077244461056/img/AIfMu-bCB_2TBNPp.jpg
803191933698973696,Fingers at the ready for #CyberMonday! Keep calm and #HaveABreak! #mybreak https://t.co/iOEBW8jcje,http://pbs.twimg.com/tweet_video_thumb/CyWA0-MWQAAryFb.jpg
803176779997323264,Breaks are better shared. #mybreak https://t.co/6WXowJH35O,http://pbs.twimg.com/amplify_video_thumb/803174008531353600/img/f4_jwqTOH661YGgf.jpg
801727167818268672,Hey  I just met you  and this is crazy  but we need a break. #mybreak https://t.co/VVzouXePKO,http://pbs.twimg.com/amplify_video_thumb/801723145765781505/img/WLSsqRgGGjVU_7k5.jpg
799552828444327936,The best breaks are spontaneous! #mybreak https://t.co/m3afZ4LWdW,http://pbs.twimg.com/amplify_video_thumb/799552091236814848/img/reTw0jSVqvTuXQFw.jpg
798828132153200640,Reply + Tag a friend who needs a break today! #mybreak https://t.co/81PO7fcQxt,http://pbs.twimg.com/amplify_video_thumb/798826246926831618/img/ElZev-uhixUeek1T.jpg
796306482056822784,Hey Mr DJ  put #mybreak on! https://t.co/8BL2zANd4b,http://pbs.twimg.com/amplify_video_thumb/796304546033238016/img/T6271vufjvAjCNcT.jpg
796002867278712832,Is this the cutest break ever?!   RT @RoxxannEPatricK  @KITKAT @Nestle  #Chihuahua #Ciko #Petlovers https://t.co/ldOuBaFHUZ,http://pbs.twimg.com/media/Cwv4Rb4XgAABVw6.jpg
795566478502334464,Break to the beat. #mybreak https://t.co/QuePsucJaI,http://pbs.twimg.com/amplify_video_thumb/795563250075258880/img/N_lCPtwYsc4dkn6a.jpg
793461716768133120,Try these great post-Halloween treats from @TetaLizza!   https://t.co/FB8vdH007D,
793106427971772416,Happy hauntings and have a spooktacular #Halloween break!   #mybreak https://t.co/E0QZDzUn0B,http://pbs.twimg.com/tweet_video_thumb/CwGtZGxWEAAqGx2.jpg
793030003000836097,Enjoy KITKAT this #Halloween. Perfect with a   c o f f i n  coffee! #mybreak https://t.co/tfy9mfncGO,http://pbs.twimg.com/tweet_video_thumb/CwFmbirUIAAYsdI.jpg
792690691193184256,Light up your break this Diwali! #mybreak #HappyDiwali https://t.co/Bc91eBuyl8,http://pbs.twimg.com/tweet_video_thumb/CwAzU5MVUAE0LRI.jpg
792018107782926342,.@hairmetalchef has created a Dandelion &amp; Burdock KITKAT for the #KITKATChocolatory in London  check this video out  https://t.co/WF2j2jDbmM,
791927570845487113,Keep calm  have a break and don t look under the bed! #Halloween #mybreak   https://t.co/rgJ4w3WmHk,http://pbs.twimg.com/amplify_video_thumb/791926805133271042/img/RAgp3muA-PZRKyKL.jpg
791565225187168256,Will KITKAT be at your door this #Halloween?! Trick or treating on #mybreak!   https://t.co/oDTmVuwqfu,http://pbs.twimg.com/amplify_video_thumb/791562037881110528/img/61dCpIAcuEzFrjtp.jpg
791202923933990913,An experiment has gone wrong in our KITKAT laboratory! The break is alive! Who s ready for #Halloween? #mybreak https://t.co/OFxVTGOXAA,http://pbs.twimg.com/tweet_video_thumb/Cvrpq08WgAAFfw-.jpg
790841655444115456,#mybreak takes me places. Where do you have yours? https://t.co/QEfftbIWDI,http://pbs.twimg.com/amplify_video_thumb/790840821037891584/img/CcAkxMIxazuNyL6J.jpg
788688664918368256,On the edge of #mybreak! How are you having yours? https://t.co/1JC76s9yGT,http://pbs.twimg.com/media/CvH8KL3W8AAxJ9Z.jpg
787941319041843200,Perhaps the Loch Ness Monster is just having a very long break?! #mybreak https://t.co/xS2cqhfI3c,http://pbs.twimg.com/tweet_video_thumb/Cu9QVErWgAAdROu.jpg
786136851933454336,On the lookout for a good break? Where are you having yours today? #mybreak https://t.co/lLQ3dCYVIh,http://pbs.twimg.com/media/CujrTIRW8AAFOmD.jpg
