img_names,rand_cats
Arbys-i1001493372534738947.jpg,soup
Arbys-i1003660477011058688.jpg,bread
Arbys-i1003683851770716160.jpg,noodles/pasta
Arbys-i1006017852367949825.jpg,fruit
Arbys-i1006265053560102912.jpg,vegetable
Arbys-i1006310206400356352.jpg,dessert
Arbys-i1006536763941314560.jpg,dairy-product
Arbys-i1006544191470567425.jpg,rice
Arbys-i1006891839914479617.jpg,egg
Arbys-i1007653965138280448.jpg,vegetable
Arbys-i1008741128667983872.jpg,bread
Arbys-i1009073319918915585.jpg,dairy-product
Arbys-i1009947046919528449.jpg,noodles/pasta
Arbys-i1010210933824729088.jpg,fried-food
Arbys-i1011301279493246986.jpg,rice
Arbys-i1012731982500061184.jpg,egg
Arbys-i1015269423605735424.jpg,fruit
Arbys-i1015368698914193409.jpg,fruit
Arbys-i1016336175068532736.jpg,soup
Arbys-i1017102879054757889.jpg,meat
Arbys-i1017805366766260226.jpg,dairy-product
Arbys-i1018872888039002113.jpg,seafood
Arbys-i1019235280375537666.jpg,rice
Arbys-i1019960060015980544.jpg,fruit
Arbys-i1021416078688342016.jpg,vegetable
Arbys-i1022501805765414913.jpg,meat
Arbys-i1022871051020259331.jpg,fruit
Arbys-i1022904457086943239.jpg,fruit
Arbys-i1024308710229700608.jpg,rice
Arbys-i1024716393911119873.jpg,rice
Arbys-i1025545632994324480.jpg,meat
Arbys-i1025621738825035776.jpg,vegetable
Arbys-i1025829278926004225.jpg,dessert
Arbys-i1025831357186957312.jpg,vegetable
Arbys-i1027570196679217157.jpg,fruit
Arbys-i1027932592463638529.jpg,soup
Arbys-i1030106915941085184.jpg,noodles/pasta
Arbys-i1031579709270835200.jpg,egg
Arbys-i1034093186304618497.jpg,bread
Arbys-i1034881795286880258.jpg,rice
Arbys-i1035180430549557248.jpg,bread
Arbys-i1039199938650009600.jpg,egg
Arbys-i1042099429287911424.jpg,fruit
Arbys-i1042103130543075328.jpg,bread
Arbys-i1042118992914259968.jpg,soup
Arbys-i1042208186672074752.jpg,bread
Arbys-i1042434146642087936.jpg,soup
Arbys-i1042460331824611328.jpg,vegetable
Arbys-i1042480296921325568.jpg,bread
Arbys-i1042506210338070529.jpg,dairy-product
Arbys-i1042591820591587330.jpg,dairy-product
Arbys-i1042817850858262533.jpg,seafood
Arbys-i1042840699752914944.jpg,fruit
Arbys-i1042855237562892290.jpg,fried-food
Arbys-i1042948469726633984.jpg,dairy-product
Arbys-i1042949089476988929.jpg,noodles/pasta
Arbys-i1044609433169522688.jpg,bread
Arbys-i1044662828798365696.jpg,soup
Arbys-i1044964816178302976.jpg,seafood
Arbys-i1044995168414429184.jpg,vegetable
Arbys-i1045023385724628992.jpg,fruit
Arbys-i1045383854863863809.jpg,meat
Arbys-i1047139139844542466.jpg,fried-food
Arbys-i1049675870204452866.jpg,egg
Arbys-i1051850194025766912.jpg,meat
Arbys-i1053329934192664578.jpg,egg
Arbys-i1055795962621374467.jpg,dairy-product
Arbys-i1055836448484659202.jpg,vegetable
Arbys-i1057053651712311296.jpg,bread
Arbys-i1057648398537498626.jpg,meat
Arbys-i1058044649053585408.jpg,vegetable
Arbys-i1058735553326137344.jpg,seafood
Arbys-i1059475431227879428.jpg,noodles/pasta
Arbys-i1060562590357700609.jpg,fruit
Arbys-i1062782215786979328.jpg,egg
Arbys-i863725612912988165.jpg,rice
Arbys-i865597950461792256.jpg,rice
Arbys-i865643242410303488.jpg,meat
Arbys-i865960315636383745.jpg,fruit
Arbys-i866457332305342464.jpg,soup
Arbys-i867440180986343438.jpg,vegetable
Arbys-i868497034524860417.jpg,noodles/pasta
Arbys-i868859425540517888.jpg,vegetable
Arbys-i869980650778095617.jpg,dairy-product
Arbys-i870671365631746048.jpg,rice
Arbys-i871758529073475585.jpg,bread
Arbys-i872120914195783680.jpg,soup
Arbys-i872845683308605441.jpg,fried-food
Arbys-i872899973783924736.jpg,rice
Arbys-i873570469890240512.jpg,dairy-product
Arbys-i874023461231800321.jpg,meat
Arbys-i874063912777527296.jpg,seafood
Arbys-i874295256967139328.jpg,dairy-product
Arbys-i874687841095131136.jpg,meat
Arbys-i875080092917084160.jpg,soup
Arbys-i875442737386053633.jpg,dessert
Arbys-i875744796869971971.jpg,fried-food
Arbys-i876831943953797120.jpg,fruit
Arbys-i876835786192076800.jpg,vegetable
Arbys-i877194344003887106.jpg,dairy-product
Arbys-i878281509412552704.jpg,dessert
Arbys-i879731064440336385.jpg,bread
Arbys-i880818219140882434.jpg,rice
Arbys-i881965821517455360.jpg,egg
Arbys-i882267786612940800.jpg,soup
Arbys-i882630173144764416.jpg,dairy-product
Arbys-i883354951103033344.jpg,bread
Arbys-i883717319418986496.jpg,noodles/pasta
Arbys-i884804478750388225.jpg,meat
Arbys-i885166879928496129.jpg,rice
Arbys-i885891648940498945.jpg,fried-food
Arbys-i887341213833207810.jpg,soup
Arbys-i887673401648828418.jpg,meat
Arbys-i887770781010317312.jpg,egg
Arbys-i888434146351230976.jpg,meat
Arbys-i888451260625694721.jpg,dessert
Arbys-i889877918817464320.jpg,noodles/pasta
Arbys-i890240300144316417.jpg,fried-food
Arbys-i890602683580788736.jpg,soup
Arbys-i891357674696097794.jpg,meat
Arbys-i892414638469505025.jpg,noodles/pasta
Arbys-i894226580557357056.jpg,fried-food
Arbys-i894951343424589824.jpg,noodles/pasta
Arbys-i895359033946759170.jpg,noodles/pasta
Arbys-i896414391138226177.jpg,soup
Arbys-i896763281209208837.jpg,rice
Arbys-i897488077664301056.jpg,rice
Arbys-i898212838086385665.jpg,noodles/pasta
Arbys-i900024782858670080.jpg,vegetable
Arbys-i900388543108874240.jpg,dairy-product
Arbys-i900886639022571520.jpg,egg
Arbys-i901124079478083584.jpg,meat
Arbys-i902561500333830144.jpg,rice
Arbys-i903286265059135488.jpg,noodles/pasta
Arbys-i903648660579172353.jpg,rice
Arbys-i904373447135858689.jpg,bread
Arbys-i905098200733949957.jpg,fruit
Arbys-i905853171687460865.jpg,vegetable
Arbys-i906185363483279360.jpg,dessert
Arbys-i906910146743304194.jpg,meat
Arbys-i907634924647317506.jpg,seafood
Arbys-i908359688898494464.jpg,bread
Arbys-i908722084414550016.jpg,fruit
Arbys-i909084464042708992.jpg,meat
Arbys-i909446873554886656.jpg,seafood
Arbys-i909809249827434496.jpg,bread
Arbys-i910171645024903168.jpg,rice
Arbys-i910534028482060288.jpg,rice
Arbys-i910896410308038661.jpg,vegetable
Arbys-i911258795543687170.jpg,soup
Arbys-i911983574978502656.jpg,vegetable
Arbys-i912715015710494720.jpg,dairy-product
Arbys-i913446799775604736.jpg,meat
Arbys-i913795507230613504.jpg,dessert
Arbys-i915245059200577538.jpg,noodles/pasta
Arbys-i915969858180755457.jpg,dairy-product
Arbys-i916332229726523392.jpg,soup
Arbys-i917781787304017920.jpg,rice
Arbys-i918153161126367232.jpg,dairy-product
Arbys-i918506564343939072.jpg,seafood
Arbys-i919231322920435712.jpg,dairy-product
Arbys-i919956136421343234.jpg,fruit
Arbys-i920303405704282113.jpg,seafood
Arbys-i920333595717365760.jpg,fried-food
Arbys-i920680903847837696.jpg,fried-food
Arbys-i921737850978107393.jpg,dessert
Arbys-i922130439745298432.jpg,dairy-product
Arbys-i922492830580445184.jpg,fried-food
Arbys-i923650540197875716.jpg,fruit
Arbys-i923927277309648901.jpg,dessert
Arbys-i923957483902775298.jpg,dairy-product
Arbys-i925029540778295296.jpg,bread
Arbys-i925754306933882880.jpg,rice
Arbys-i926429349175287809.jpg,rice
Arbys-i926479083277500416.jpg,soup
Arbys-i927218959325184000.jpg,bread
Arbys-i927943736411152385.jpg,soup
Arbys-i928306129377128448.jpg,soup
Arbys-i928361269530374144.jpg,egg
Arbys-i928669129212612608.jpg,vegetable
Arbys-i930480445589880833.jpg,vegetable
Arbys-i931205247166398464.jpg,seafood
Arbys-i931930024378122241.jpg,dairy-product
Arbys-i932654799346049025.jpg,dessert
Arbys-i933379570081787904.jpg,soup
Arbys-i933746817464000513.jpg,dairy-product
Arbys-i936278658842476549.jpg,fruit
Arbys-i938463470311366657.jpg,meat
Arbys-i939177761452670976.jpg,noodles/pasta
Arbys-i940627310448746496.jpg,noodles/pasta
Arbys-i941352097509007363.jpg,bread
Arbys-i942439257238536193.jpg,soup
Arbys-i942801640200978432.jpg,fried-food
Arbys-i943526433208516608.jpg,soup
Arbys-i943888819660529665.jpg,fried-food
Arbys-i944975968715923456.jpg,meat
Arbys-i946063151488835585.jpg,soup
Arbys-i946425513408569344.jpg,noodles/pasta
Arbys-i946455727408680967.jpg,rice
Arbys-i947149747726336000.jpg,soup
Arbys-i947512689391124480.jpg,noodles/pasta
Arbys-i947875078615662592.jpg,seafood
Arbys-i948962226865664000.jpg,fried-food
Arbys-i949324627058229250.jpg,vegetable
Arbys-i950411783776464897.jpg,rice
Arbys-i950774189983543297.jpg,egg
Arbys-i951498957116489729.jpg,seafood
Arbys-i951528580437168128.jpg,meat
Arbys-i951861354289246209.jpg,dessert
Arbys-i952223800279617537.jpg,meat
Arbys-i953673268921356288.jpg,dairy-product
Arbys-i954035671752237058.jpg,bread
Arbys-i956209992473788416.jpg,bread
Arbys-i956934764027461639.jpg,noodles/pasta
Arbys-i956964972654809089.jpg,dairy-product
Arbys-i957297151410950144.jpg,rice
Arbys-i958384317264220165.jpg,seafood
Arbys-i959471481502789633.jpg,rice
Arbys-i960921039822716928.jpg,meat
Arbys-i961645825460912128.jpg,vegetable
Arbys-i962008205399228419.jpg,fruit
Arbys-i963457741284106241.jpg,bread
Arbys-i963820132651778048.jpg,noodles/pasta
Arbys-i964167420272197633.jpg,noodles/pasta
Arbys-i964197628174094337.jpg,bread
Arbys-i964544920986861568.jpg,egg
Arbys-i965254586771656706.jpg,seafood
Arbys-i965994479282020353.jpg,vegetable
Arbys-i966356844489990150.jpg,soup
Arbys-i966719244951019520.jpg,fried-food
Arbys-i967081643021238272.jpg,noodles/pasta
Arbys-i968168795410898945.jpg,fried-food
Arbys-i968555862171312128.jpg,noodles/pasta
Arbys-i968893579346157568.jpg,seafood
Arbys-i969618334932115456.jpg,meat
Arbys-i970705511082594304.jpg,vegetable
Arbys-i971067900130885632.jpg,vegetable
Arbys-i971430295919648768.jpg,noodles/pasta
Arbys-i971792678512930816.jpg,meat
Arbys-i972155051052621824.jpg,dairy-product
Arbys-i972864738152648705.jpg,vegetable
Arbys-i973238201140867072.jpg,fruit
Arbys-i973589510704500736.jpg,bread
Arbys-i973951908548198401.jpg,dairy-product
Arbys-i974299187071209472.jpg,rice
Arbys-i974674065830096897.jpg,rice
Arbys-i975039066872819712.jpg,egg
Arbys-i975763831455535105.jpg,bread
Arbys-i976126224496918529.jpg,egg
Arbys-i976488613557891073.jpg,seafood
Arbys-i977213380799811584.jpg,dessert
Arbys-i978662947625947136.jpg,soup
Arbys-i978762940953366530.jpg,noodles/pasta
Arbys-i979055531905069056.jpg,soup
Arbys-i979374319800332288.jpg,noodles/pasta
Arbys-i981199649141903360.jpg,dessert
Arbys-i981562037250732033.jpg,rice
Arbys-i982286829528453121.jpg,noodles/pasta
Arbys-i982649204123230208.jpg,vegetable
Arbys-i982679408279539713.jpg,egg
Arbys-i983373982433972225.jpg,vegetable
Arbys-i984098752934821888.jpg,vegetable
Arbys-i984461142000009217.jpg,meat
Arbys-i984808431889592320.jpg,fruit
Arbys-i984853733803622401.jpg,bread
Arbys-i985548301461110784.jpg,noodles/pasta
Arbys-i985910699783311362.jpg,dairy-product
Arbys-i986257393569935362.jpg,fruit
Arbys-i986288182273556480.jpg,soup
Arbys-i986635471378964481.jpg,seafood
Arbys-i986997863363198981.jpg,bread
Arbys-i987103554685947904.jpg,soup
Arbys-i987360257432309764.jpg,vegetable
Arbys-i987722639685931009.jpg,fried-food
Arbys-i988085022413516801.jpg,dessert
Arbys-i988447411889520640.jpg,dairy-product
Arbys-i989172181069254656.jpg,fruit
Arbys-i989217484048773120.jpg,fruit
Arbys-i989534575499141120.jpg,vegetable
Arbys-i989896967642800128.jpg,meat
Arbys-i990621732548456448.jpg,fried-food
Arbys-i990984120435134464.jpg,noodles/pasta
Arbys-i992126145654083584.jpg,fried-food
Arbys-i993535937320701952.jpg,dairy-product
Arbys-i993883233983983617.jpg,fruit
Arbys-i994607998701133824.jpg,dessert
Arbys-i994955294605303809.jpg,egg
Arbys-i994985490779660288.jpg,rice
Arbys-i995695165401649153.jpg,noodles/pasta
Arbys-i996404838043996161.jpg,soup
Arbys-i996435040417583106.jpg,rice
Arbys-i996871811622232064.jpg,noodles/pasta
Arbys-i997507103584608257.jpg,noodles/pasta
Arbys-i998594278355079169.jpg,meat
Arbys-i998941558081699840.jpg,bread
Arbys-i998971753937428480.jpg,soup
Arbys-i999085177547747333.jpg,meat
Arbys-i999681432166350848.jpg,seafood
BurgerKing-i1001840666241110016.jpg,dairy-product
BurgerKing-i1004720688563998720.jpg,dairy-product
BurgerKing-i1005094598010654720.jpg,rice
BurgerKing-i1006663584087076864.jpg,fried-food
BurgerKing-i1011957650966351875.jpg,soup
BurgerKing-i1013709280313249792.jpg,rice
BurgerKing-i1013849229683458048.jpg,fruit
BurgerKing-i1015596478255935490.jpg,dairy-product
BurgerKing-i1017785791903301632.jpg,meat
BurgerKing-i1020307337398005760.jpg,noodles/pasta
BurgerKing-i1026104586204061696.jpg,dairy-product
BurgerKing-i1029007893843062784.jpg,noodles/pasta
BurgerKing-i1031178594402361344.jpg,rice
BurgerKing-i1035497747221307392.jpg,bread
BurgerKing-i1042775733519691778.jpg,soup
BurgerKing-i1042901871428624386.jpg,dessert
BurgerKing-i1047457383671369728.jpg,egg
BurgerKing-i1047551598053019648.jpg,dairy-product
BurgerKing-i1050043766218940416.jpg,soup
BurgerKing-i1050057581010579465.jpg,noodles/pasta
BurgerKing-i1051842675379449856.jpg,fruit
BurgerKing-i1054371823218053121.jpg,egg
BurgerKing-i1055821462064521216.jpg,vegetable
BurgerKing-i1056935345395322885.jpg,seafood
BurgerKing-i1058111006633795585.jpg,rice
BurgerKing-i859441832379506691.jpg,meat
BurgerKing-i860193161506893824.jpg,noodles/pasta
BurgerKing-i860230894296158210.jpg,noodles/pasta
BurgerKing-i861599032162045952.jpg,seafood
BurgerKing-i862779527893745666.jpg,soup
BurgerKing-i864169473460318208.jpg,meat
BurgerKing-i864957580380164096.jpg,seafood
BurgerKing-i865611729769832448.jpg,egg
BurgerKing-i867067565390123008.jpg,vegetable
BurgerKing-i867479081079668736.jpg,meat
BurgerKing-i868859412122750976.jpg,dessert
BurgerKing-i869236902532063232.jpg,seafood
BurgerKing-i869993133064548353.jpg,fried-food
BurgerKing-i870341047473274882.jpg,rice
BurgerKing-i872137440533807104.jpg,fried-food
BurgerKing-i872847661652725760.jpg,noodles/pasta
BurgerKing-i874297624328884226.jpg,fruit
BurgerKing-i875023781068128256.jpg,egg
BurgerKing-i875398088407568391.jpg,rice
BurgerKing-i876467474539180035.jpg,seafood
BurgerKing-i877189809101471744.jpg,dessert
BurgerKing-i877959148884770817.jpg,dairy-product
BurgerKing-i878708057252913152.jpg,fried-food
BurgerKing-i879372453302214660.jpg,meat
BurgerKing-i880152379257217024.jpg,meat
BurgerKing-i880834568474869761.jpg,fruit
BurgerKing-i881904115479003137.jpg,rice
BurgerKing-i882269040504328193.jpg,meat
BurgerKing-i882974667711164416.jpg,dairy-product
BurgerKing-i883398621781270528.jpg,seafood
BurgerKing-i883441937642135553.jpg,fruit
BurgerKing-i883733671349370881.jpg,soup
BurgerKing-i885183222560075777.jpg,dessert
BurgerKing-i886635293687898113.jpg,bread
BurgerKing-i886669266573021185.jpg,egg
BurgerKing-i887706469654814721.jpg,noodles/pasta
BurgerKing-i888065513657651200.jpg,rice
BurgerKing-i889893005561180164.jpg,soup
BurgerKing-i890678140535754752.jpg,meat
BurgerKing-i892018261516099584.jpg,vegetable
BurgerKing-i893155755817291776.jpg,fruit
BurgerKing-i893203569624719361.jpg,egg
BurgerKing-i895022783285133313.jpg,dairy-product
BurgerKing-i898264634896957440.jpg,seafood
BurgerKing-i900418893256302594.jpg,fried-food
BurgerKing-i901544369601339395.jpg,meat
BurgerKing-i903301459609088000.jpg,dessert
BurgerKing-i904027391969787904.jpg,vegetable
BurgerKing-i904724487387488257.jpg,soup
BurgerKing-i906271954004529152.jpg,vegetable
BurgerKing-i907668212111876097.jpg,meat
BurgerKing-i908376891710693377.jpg,soup
BurgerKing-i910540452172099584.jpg,fried-food
BurgerKing-i910628363634651136.jpg,bread
BurgerKing-i911275149185429504.jpg,egg
BurgerKing-i912395029032914945.jpg,meat
BurgerKing-i913064751227338757.jpg,dairy-product
BurgerKing-i913432862879289344.jpg,soup
BurgerKing-i918892771490127872.jpg,dairy-product
BurgerKing-i925085586351894528.jpg,meat
BurgerKing-i930139838715715588.jpg,meat
BurgerKing-i933130308555329536.jpg,soup
BurgerKing-i933925733356974080.jpg,dairy-product
BurgerKing-i935185388691390464.jpg,fried-food
BurgerKing-i935883579887882240.jpg,bread
BurgerKing-i935908618418950145.jpg,soup
BurgerKing-i936371658058883072.jpg,bread
BurgerKing-i941322979899822080.jpg,egg
BurgerKing-i941745284085964800.jpg,egg
BurgerKing-i953999835480363009.jpg,fried-food
BurgerKing-i954444133854339073.jpg,seafood
BurgerKing-i956166686054408192.jpg,fruit
BurgerKing-i957007772872335360.jpg,seafood
BurgerKing-i958520713211621377.jpg,fruit
BurgerKing-i960571527086436352.jpg,fried-food
BurgerKing-i963084968464437249.jpg,fruit
BurgerKing-i964197233972449280.jpg,bread
BurgerKing-i965056666701127680.jpg,meat
BurgerKing-i970660380325416966.jpg,bread
BurgerKing-i970720954828472320.jpg,bread
BurgerKing-i971433640738656257.jpg,meat
BurgerKing-i972631391161679872.jpg,soup
BurgerKing-i973226070139908097.jpg,dairy-product
BurgerKing-i973695974265651202.jpg,fried-food
BurgerKing-i973981837054758914.jpg,fruit
BurgerKing-i978293917295763456.jpg,vegetable
BurgerKing-i979790335240036354.jpg,seafood
BurgerKing-i980521591003115520.jpg,fried-food
BurgerKing-i984843867882250241.jpg,noodles/pasta
BurgerKing-i985570955626995713.jpg,bread
BurgerKing-i986990900030062593.jpg,vegetable
BurgerKing-i987040068496973825.jpg,noodles/pasta
BurgerKing-i987323017616388096.jpg,fruit
BurgerKing-i987354805013237761.jpg,rice
BurgerKing-i989529027416395776.jpg,seafood
BurgerKing-i989570682785882118.jpg,soup
BurgerKing-i992442480212705280.jpg,fried-food
BurgerKing-i993128503120990208.jpg,noodles/pasta
BurgerKing-i993623276273438720.jpg,dairy-product
BurgerKing-i994215444461604864.jpg,vegetable
BurgerKing-i994295070886191104.jpg,egg
BurgerKing-i997205025037455360.jpg,vegetable
ChickfilA-i1048603800326553601.jpg,soup
ChickfilA-i1050025651544215552.jpg,dairy-product
ChickfilA-i1050793221092126721.jpg,vegetable
ChickfilA-i1051110310029844481.jpg,meat
ChickfilA-i1052544765563027457.jpg,soup
ChickfilA-i1052917624982650880.jpg,meat
ChickfilA-i1055202273448595456.jpg,fruit
ChickfilA-i1058380714834608130.jpg,egg
ChickfilA-i1058750656113045505.jpg,dessert
ChickfilA-i1059943512324497408.jpg,soup
ChickfilA-i1060948885068075009.jpg,noodles/pasta
ChickfilA-i1062019693693820933.jpg,soup
ChipotleTweets-i1057316615052644353.jpg,rice
DennysDiner-i1004072295013470208.jpg,fried-food
DennysDiner-i1015490605433016320.jpg,egg
DennysDiner-i1016767731939659777.jpg,egg
DennysDiner-i1017434851635548160.jpg,fruit
DennysDiner-i1020008638105247745.jpg,fruit
DennysDiner-i1022181804328058881.jpg,rice
DennysDiner-i1039958631565934592.jpg,vegetable
DennysDiner-i1047505204298633222.jpg,dessert
DennysDiner-i1053381047486943233.jpg,vegetable
DennysDiner-i419133039893954561.jpg,noodles/pasta
DennysDiner-i419158833894670336.jpg,rice
DennysDiner-i419204326771281920.jpg,fried-food
DennysDiner-i419236712829575168.jpg,meat
DennysDiner-i419329969177645058.jpg,fruit
DennysDiner-i419592945256259584.jpg,noodles/pasta
DennysDiner-i419873005745893377.jpg,vegetable
DennysDiner-i419956610358706176.jpg,seafood
DennysDiner-i420344232096722944.jpg,noodles/pasta
DennysDiner-i420387974585401344.jpg,seafood
DennysDiner-i420421241825026048.jpg,fried-food
DennysDiner-i420646224568406016.jpg,fruit
DennysDiner-i421404883414032384.jpg,egg
DennysDiner-i421454372845785089.jpg,fried-food
DennysDiner-i422125927019991040.jpg,noodles/pasta
DennysDiner-i422536668399140864.jpg,noodles/pasta
DennysDiner-i422539725170163713.jpg,egg
DennysDiner-i422544348622753792.jpg,egg
DennysDiner-i422562986566230016.jpg,rice
DennysDiner-i423136746524520449.jpg,vegetable
DennysDiner-i423177753966309378.jpg,dessert
DennysDiner-i423921918077448192.jpg,soup
DennysDiner-i424217804967907328.jpg,bread
DennysDiner-i424268729061371905.jpg,bread
DennysDiner-i424771333109469184.jpg,dessert
DennysDiner-i425047641831927809.jpg,bread
DennysDiner-i425311924155187200.jpg,fried-food
DennysDiner-i426172622905159680.jpg,dairy-product
DennysDiner-i426459516247347200.jpg,rice
DennysDiner-i426808941385748480.jpg,soup
DennysDiner-i427154072848699392.jpg,fruit
DennysDiner-i427184318021005312.jpg,noodles/pasta
DennysDiner-i427636231384494080.jpg,egg
DennysDiner-i427924152884805632.jpg,noodles/pasta
DennysDiner-i428192360527187968.jpg,fruit
DennysDiner-i428276430045057024.jpg,soup
DennysDiner-i428294018024222720.jpg,dairy-product
DennysDiner-i428628820141154304.jpg,rice
DennysDiner-i428655448472813569.jpg,fried-food
DennysDiner-i428953938436448256.jpg,rice
DennysDiner-i428987124298174464.jpg,fried-food
DennysDiner-i429348254182948864.jpg,soup
DennysDiner-i429372844288389122.jpg,fried-food
DennysDiner-i429736111145889792.jpg,fruit
DennysDiner-i430126402134757376.jpg,seafood
DennysDiner-i430137610015502336.jpg,egg
DennysDiner-i430147801851260928.jpg,fried-food
DennysDiner-i430160637352611841.jpg,egg
DennysDiner-i430170164164710400.jpg,noodles/pasta
DennysDiner-i430445815228674048.jpg,meat
DennysDiner-i430808235881156608.jpg,egg
DennysDiner-i431189349909016576.jpg,seafood
DennysDiner-i431572365491724288.jpg,bread
DennysDiner-i431895980649111552.jpg,meat
DennysDiner-i432265209911070720.jpg,noodles/pasta
DennysDiner-i432579651127361536.jpg,vegetable
DennysDiner-i432685964943556608.jpg,dessert
DennysDiner-i433327526207709185.jpg,seafood
DennysDiner-i434037882529910784.jpg,fried-food
DennysDiner-i434061727777292288.jpg,meat
DennysDiner-i434409188815425536.jpg,dessert
DennysDiner-i435203777096712192.jpg,bread
DennysDiner-i435538980352688128.jpg,rice
DennysDiner-i435866879928713216.jpg,seafood
DennysDiner-i435898348155838464.jpg,noodles/pasta
DennysDiner-i436196759606280192.jpg,noodles/pasta
DennysDiner-i436246296572096512.jpg,bread
DennysDiner-i438032595599650817.jpg,bread
DennysDiner-i438843574990278656.jpg,bread
DennysDiner-i439151876911923200.jpg,bread
DennysDiner-i439229123152449536.jpg,fried-food
DennysDiner-i439905619298885632.jpg,soup
DennysDiner-i440291434654998528.jpg,dairy-product
DennysDiner-i440339942460256256.jpg,soup
DennysDiner-i440342758557876224.jpg,dairy-product
DennysDiner-i440346411402407937.jpg,egg
DennysDiner-i440592689235361792.jpg,seafood
DennysDiner-i440950234823155713.jpg,bread
DennysDiner-i440954159492104192.jpg,rice
DennysDiner-i440959161891692544.jpg,noodles/pasta
DennysDiner-i441337956423327744.jpg,noodles/pasta
DennysDiner-i441700851690651649.jpg,seafood
DennysDiner-i441978594265280512.jpg,fried-food
DennysDiner-i442041418727444480.jpg,dessert
DennysDiner-i442410516514754560.jpg,seafood
DennysDiner-i443477840151851008.jpg,seafood
DennysDiner-i443820292318560256.jpg,noodles/pasta
DennysDiner-i444230288160210944.jpg,dessert
DennysDiner-i444583921619988480.jpg,soup
DennysDiner-i445358426428690432.jpg,dairy-product
DennysDiner-i446039921258545152.jpg,dairy-product
DennysDiner-i448934355788775424.jpg,soup
DennysDiner-i448934758739746817.jpg,dessert
DennysDiner-i448935052659785729.jpg,rice
DennysDiner-i449192209955315712.jpg,dessert
DennysDiner-i449279396533133312.jpg,fried-food
DennysDiner-i449640947689590784.jpg,vegetable
DennysDiner-i450430304985939968.jpg,fruit
DennysDiner-i450754682743304192.jpg,egg
DennysDiner-i451469282585477120.jpg,vegetable
DennysDiner-i451816999807500288.jpg,soup
DennysDiner-i452196991565438976.jpg,fruit
DennysDiner-i452538798383964160.jpg,rice
DennysDiner-i452914723101478912.jpg,egg
DennysDiner-i452973358619951104.jpg,fruit
DennysDiner-i453371543523835906.jpg,fried-food
DennysDiner-i453994484955488256.jpg,fruit
DennysDiner-i454004731535314944.jpg,vegetable
DennysDiner-i454016869377126400.jpg,fruit
DennysDiner-i454737103172423680.jpg,fruit
DennysDiner-i455460447567609856.jpg,fruit
DennysDiner-i455736768260632576.jpg,rice
DennysDiner-i456153933195390977.jpg,seafood
DennysDiner-i456968355560574976.jpg,meat
DennysDiner-i458000953577181185.jpg,vegetable
DennysDiner-i458258491602665472.jpg,vegetable
DennysDiner-i458988158021931008.jpg,dessert
DennysDiner-i460796908370288640.jpg,meat
DennysDiner-i461290821312999424.jpg,meat
DennysDiner-i461520610443538432.jpg,seafood
DennysDiner-i463449509045862400.jpg,bread
DennysDiner-i464456176038461440.jpg,dessert
DennysDiner-i467375065181720576.jpg,egg
DennysDiner-i468154684466012160.jpg,soup
DennysDiner-i468574353416671232.jpg,fried-food
DennysDiner-i469214922258128898.jpg,meat
DennysDiner-i469268411185659905.jpg,seafood
DennysDiner-i469913981365526528.jpg,seafood
DennysDiner-i469931755902750722.jpg,noodles/pasta
DennysDiner-i469951081460408322.jpg,fruit
DennysDiner-i469980645012549632.jpg,egg
DennysDiner-i471408446966079488.jpg,rice
DennysDiner-i472072540010340353.jpg,vegetable
DennysDiner-i479312864134823937.jpg,fruit
DennysDiner-i484059141661794304.jpg,seafood
DennysDiner-i484131849149480960.jpg,noodles/pasta
DennysDiner-i485111198308761601.jpg,seafood
DennysDiner-i486975016828149762.jpg,rice
DennysDiner-i489418044725530626.jpg,fried-food
DennysDiner-i489460448929251328.jpg,meat
DennysDiner-i489815874983821312.jpg,fried-food
DennysDiner-i491336009292840960.jpg,fruit
DennysDiner-i492781580599828480.jpg,egg
DennysDiner-i494227024857157632.jpg,bread
DennysDiner-i495303116217405442.jpg,rice
DennysDiner-i498171470166892544.jpg,egg
DennysDiner-i498541989533847554.jpg,seafood
DennysDiner-i499637182064517120.jpg,rice
DennysDiner-i500320513705918464.jpg,noodles/pasta
DennysDiner-i500324407026675712.jpg,dessert
DennysDiner-i501545154852167680.jpg,bread
DennysDiner-i507915449380900865.jpg,vegetable
DennysDiner-i509396332843646977.jpg,bread
DennysDiner-i509714570118967296.jpg,fried-food
DennysDiner-i510502542703607808.jpg,noodles/pasta
DennysDiner-i511550487213391872.jpg,vegetable
DennysDiner-i513377550530523136.jpg,bread
DennysDiner-i514437386789724160.jpg,rice
DennysDiner-i514543117362806784.jpg,fried-food
DennysDiner-i514544696493084673.jpg,rice
DennysDiner-i514552227818917889.jpg,soup
DennysDiner-i514858604474925056.jpg,dessert
DennysDiner-i514881455244451840.jpg,dessert
DennysDiner-i515173973324472321.jpg,fried-food
DennysDiner-i517081800276209664.jpg,dairy-product
DennysDiner-i517337766581919745.jpg,fruit
DennysDiner-i517435894526402561.jpg,dessert
DennysDiner-i517686802023718912.jpg,seafood
DennysDiner-i519904743125426178.jpg,vegetable
DennysDiner-i521690446352113664.jpg,vegetable
DennysDiner-i522063922460123136.jpg,meat
DennysDiner-i524287272867213313.jpg,egg
DennysDiner-i527569508312297473.jpg,dairy-product
DennysDiner-i527844901263015936.jpg,seafood
DennysDiner-i529740843209723904.jpg,noodles/pasta
DennysDiner-i530445651025600512.jpg,egg
DennysDiner-i531930302651047937.jpg,meat
DennysDiner-i535165509898371072.jpg,fruit
DennysDiner-i536971028690640896.jpg,noodles/pasta
DennysDiner-i540584326778589184.jpg,dessert
DennysDiner-i540674418763374592.jpg,meat
DennysDiner-i541028455459332096.jpg,fruit
DennysDiner-i542844049984880641.jpg,fried-food
DennysDiner-i544607081517821952.jpg,meat
DennysDiner-i546865033255596032.jpg,fruit
DennysDiner-i550498963020083201.jpg,egg
DennysDiner-i550774720451579905.jpg,seafood
DennysDiner-i551958776816082945.jpg,bread
DennysDiner-i552528915114520576.jpg,fruit
DennysDiner-i552907280505896961.jpg,fried-food
DennysDiner-i555077323448659968.jpg,fruit
DennysDiner-i557543070590578690.jpg,fried-food
DennysDiner-i557943830855831553.jpg,noodles/pasta
DennysDiner-i563013586168315904.jpg,rice
DennysDiner-i563745877261832192.jpg,fruit
DennysDiner-i564578752579903488.jpg,bread
DennysDiner-i565556625852084225.jpg,dessert
DennysDiner-i566248539664445440.jpg,egg
DennysDiner-i569700381120438273.jpg,meat
DennysDiner-i570652529807241216.jpg,noodles/pasta
DennysDiner-i573918386016632832.jpg,seafood
DennysDiner-i574990834262802432.jpg,egg
DennysDiner-i577535312005632000.jpg,dairy-product
DennysDiner-i579019620662812673.jpg,dessert
DennysDiner-i583731985044082688.jpg,meat
DennysDiner-i583769553903165440.jpg,bread
DennysDiner-i583772256469417984.jpg,rice
DennysDiner-i583777161720528896.jpg,meat
DennysDiner-i583778592838000641.jpg,fruit
DennysDiner-i583780886086189056.jpg,fruit
DennysDiner-i583782001544527872.jpg,egg
DennysDiner-i583784306692108288.jpg,soup
DennysDiner-i583785384506597377.jpg,fruit
DennysDiner-i585188522803535872.jpg,dessert
DennysDiner-i585462139525005312.jpg,fruit
DennysDiner-i586569080733376512.jpg,vegetable
DennysDiner-i590296642282266625.jpg,meat
DennysDiner-i594559567427538944.jpg,bread
DennysDiner-i597206141282689024.jpg,bread
DennysDiner-i601073095894380544.jpg,dessert
DennysDiner-i605429257649537024.jpg,rice
DennysDiner-i606548546704142337.jpg,vegetable
DennysDiner-i608732950453100544.jpg,vegetable
DennysDiner-i609787836221407232.jpg,noodles/pasta
DennysDiner-i611241552912891904.jpg,meat
DennysDiner-i622601889268547584.jpg,fruit
DennysDiner-i623898588431581184.jpg,dessert
DennysDiner-i637036935123476480.jpg,seafood
DennysDiner-i638786043014193152.jpg,seafood
DennysDiner-i641003881636298752.jpg,rice
DennysDiner-i641667445569142784.jpg,noodles/pasta
DennysDiner-i645975505900994560.jpg,seafood
DennysDiner-i646714071946010624.jpg,dairy-product
DennysDiner-i647427993036582912.jpg,bread
DennysDiner-i647829220639399937.jpg,noodles/pasta
DennysDiner-i649954864642977792.jpg,fruit
DennysDiner-i651142472303640576.jpg,soup
DennysDiner-i651142517031743488.jpg,seafood
DennysDiner-i651142555992588292.jpg,seafood
DennysDiner-i667070480654991360.jpg,bread
DennysDiner-i668106359242534912.jpg,fruit
DennysDiner-i673588965325148160.jpg,seafood
DennysDiner-i673929500309266432.jpg,seafood
DennysDiner-i675480451918745600.jpg,seafood
DennysDiner-i682313125761282048.jpg,bread
DennysDiner-i682632568391479296.jpg,dairy-product
DennysDiner-i687065777694846976.jpg,meat
DennysDiner-i687641261147291648.jpg,noodles/pasta
DennysDiner-i702962403856625664.jpg,dessert
DennysDiner-i704110970222866432.jpg,bread
DennysDiner-i704822434982031360.jpg,noodles/pasta
DennysDiner-i705547559436025856.jpg,meat
DennysDiner-i705548723611242496.jpg,meat
DennysDiner-i705548916238868481.jpg,dairy-product
DennysDiner-i705549261111324674.jpg,dessert
DennysDiner-i707278286456557568.jpg,seafood
DennysDiner-i708361700970344448.jpg,egg
DennysDiner-i711697940436287491.jpg,egg
DennysDiner-i711978296137809920.jpg,dairy-product
DennysDiner-i713070745929166851.jpg,seafood
DennysDiner-i715694833067753472.jpg,vegetable
DennysDiner-i716026656012390400.jpg,dairy-product
DennysDiner-i719660691334963201.jpg,fried-food
DennysDiner-i723874137756700673.jpg,noodles/pasta
DennysDiner-i725410602135384064.jpg,noodles/pasta
DennysDiner-i728661102406467585.jpg,seafood
DennysDiner-i729732707563900928.jpg,rice
DennysDiner-i731220429973524480.jpg,meat
DennysDiner-i732297019650248705.jpg,seafood
DennysDiner-i734773404893515776.jpg,rice
DennysDiner-i735515987613650945.jpg,soup
DennysDiner-i738126988561371136.jpg,meat
DennysDiner-i743841419354218503.jpg,soup
DennysDiner-i746047686206382081.jpg,noodles/pasta
DennysDiner-i747540306678034432.jpg,dessert
DennysDiner-i750392987100872704.jpg,seafood
DennysDiner-i751128599613280256.jpg,meat
DennysDiner-i752921445634899969.jpg,dessert
DennysDiner-i752921492258713600.jpg,fried-food
DennysDiner-i752921541545979904.jpg,soup
DennysDiner-i752921589969199104.jpg,dairy-product
DennysDiner-i752921633069891584.jpg,dessert
DennysDiner-i753693729404383236.jpg,egg
DennysDiner-i754733905329197056.jpg,noodles/pasta
DennysDiner-i755052942630260740.jpg,dessert
DennysDiner-i757656941653069824.jpg,soup
DennysDiner-i765664797329395712.jpg,meat
DennysDiner-i766021725356261376.jpg,fried-food
DennysDiner-i767449033220714498.jpg,seafood
DennysDiner-i769185962895212544.jpg,soup
DennysDiner-i772529918735446016.jpg,seafood
DennysDiner-i773584967293173761.jpg,dairy-product
DennysDiner-i773588634343735297.jpg,soup
DennysDiner-i774251133489512449.jpg,soup
DennysDiner-i777926719177011201.jpg,soup
DennysDiner-i780939812555591680.jpg,dairy-product
DennysDiner-i782022617758859264.jpg,vegetable
DennysDiner-i788787027529568256.jpg,soup
DennysDiner-i794624322711289861.jpg,dairy-product
DennysDiner-i795735954556329984.jpg,soup
DennysDiner-i804070146839105537.jpg,egg
DennysDiner-i811645796332564480.jpg,egg
DennysDiner-i816797613118918658.jpg,fruit
DennysDiner-i828445178268676097.jpg,fried-food
DennysDiner-i828649470267097091.jpg,rice
DennysDiner-i828664564866756612.jpg,vegetable
DennysDiner-i828679661160955909.jpg,soup
DennysDiner-i828694778355265539.jpg,seafood
DennysDiner-i828709866281635843.jpg,noodles/pasta
DennysDiner-i828724953767743488.jpg,dairy-product
DennysDiner-i828740053836795904.jpg,noodles/pasta
DennysDiner-i828755156678373379.jpg,fruit
DennysDiner-i828770262690697216.jpg,vegetable
DennysDiner-i828785359936970752.jpg,fried-food
DennysDiner-i828800451105599489.jpg,noodles/pasta
DennysDiner-i828815554668400640.jpg,vegetable
DennysDiner-i834523864696758273.jpg,soup
DennysDiner-i837041513649606656.jpg,rice
DennysDiner-i841705006554312704.jpg,bread
DennysDiner-i846489525400449025.jpg,fried-food
DennysDiner-i847164106528444416.jpg,vegetable
DennysDiner-i850037389837836288.jpg,fried-food
DennysDiner-i852221666537218056.jpg,dessert
DennysDiner-i853419644887212032.jpg,bread
DennysDiner-i855439010721910784.jpg,bread
DennysDiner-i857717767293739009.jpg,fried-food
DennysDiner-i859471305044840449.jpg,rice
DennysDiner-i862002656373592066.jpg,fruit
DennysDiner-i863782456364851200.jpg,noodles/pasta
DennysDiner-i875423961336729601.jpg,egg
DennysDiner-i882744458403614720.jpg,meat
DennysDiner-i887750409875578880.jpg,meat
DennysDiner-i892098314992328706.jpg,noodles/pasta
DennysDiner-i893175727180402696.jpg,fruit
DennysDiner-i896399311508041728.jpg,soup
DennysDiner-i897902014063153154.jpg,bread
DennysDiner-i898721923055669248.jpg,dessert
DennysDiner-i903055219361280004.jpg,dairy-product
DennysDiner-i907696598939037697.jpg,fried-food
DennysDiner-i908062943211917312.jpg,bread
DennysDiner-i909885307163758592.jpg,dessert
DennysDiner-i912731467083546624.jpg,egg
DennysDiner-i931633043730821121.jpg,bread
DennysDiner-i948300351366627329.jpg,meat
DennysDiner-i949372454849466368.jpg,fruit
DennysDiner-i953394286212640770.jpg,noodles/pasta
DennysDiner-i955832775738871808.jpg,seafood
DennysDiner-i956952318481784837.jpg,dairy-product
DennysDiner-i958426594380480512.jpg,dairy-product
DennysDiner-i962037795853406208.jpg,meat
DennysDiner-i971500333724823555.jpg,fruit
DennysDiner-i979067462237990912.jpg,dessert
DennysDiner-i981908396302532608.jpg,rice
DennysDiner-i984143971789299713.jpg,egg
DennysDiner-i987425672225107968.jpg,fried-food
DennysDiner-i989147090218639360.jpg,fried-food
DennysDiner-i990996691967979520.jpg,seafood
DennysDiner-i991427243837677568.jpg,dairy-product
DiGiorno-i1048311633523724288.jpg,fruit
DiGiorno-i1048541209348726784.jpg,soup
DiGiorno-i1048602548410695682.jpg,fruit
DiGiorno-i1049977846268014598.jpg,rice
DiGiorno-i1051266913953882113.jpg,soup
DiGiorno-i1055527651581014016.jpg,vegetable
DiGiorno-i1058136378653970433.jpg,meat
DiGiorno-i1058806404629385216.jpg,bread
DiGiorno-i1059823271930138624.jpg,soup
DiGiorno-i1062676522463449088.jpg,meat
dominos-i1052590747042672641.jpg,soup
dominos-i1053737897977888769.jpg,rice
dominos-i1054055026325360641.jpg,noodles/pasta
dominos-i1054825156382781442.jpg,vegetable
dominos-i1055217674723172352.jpg,rice
dominos-i1055504954662764544.jpg,meat
dominos-i1055813834055868417.jpg,rice
dominos-i1056184289325273089.jpg,fried-food
dominos-i1056606814308102149.jpg,rice
dominos-i1057392007793000448.jpg,dessert
dominos-i1057995955574845440.jpg,egg
dominos-i1058524360393285637.jpg,vegetable
dominos-i1059113311298637826.jpg,dessert
dominos-i1059475739660181507.jpg,dairy-product
dominos-i1059808153142001664.jpg,dessert
dominos-i1060306187483262977.jpg,soup
dominos-i1060563137072644096.jpg,bread
dominos-i1061000854294200320.jpg,noodles/pasta
dominos-i1061393261573611520.jpg,bread
dominos-i1062057864464805888.jpg,vegetable
dominos-i1062359995931652098.jpg,noodles/pasta
dominos-i1062752625333059584.jpg,seafood
IHOP-i1057995675382689792.jpg,dessert
IHOP-i1059830271128756224.jpg,dairy-product
kfc-i1015301858259357698.jpg,dessert
kfc-i1015316961138479105.jpg,noodles/pasta
kfc-i1015332054970454016.jpg,fruit
kfc-i1024715389236695040.jpg,rice
kfc-i1025091832043253760.jpg,soup
kfc-i1025092245689692160.jpg,dairy-product
kfc-i1025772065675202562.jpg,dessert
kfc-i1040941562438541312.jpg,soup
kfc-i1041761550145650691.jpg,bread
kfc-i1042039587001065472.jpg,seafood
kfc-i1061719996236251136.jpg,fruit
kfc-i1062057171360378881.jpg,noodles/pasta
kfc-i1062344331695026179.jpg,soup
kfc-i1062439280629506048.jpg,meat
kfc-i1062439676781445120.jpg,dessert
kfc-i1062691618682073093.jpg,egg
kfc-i1062807238191054854.jpg,dessert
kfc-i957827166711857152.jpg,rice
kfc-i959524513821081600.jpg,soup
kfc-i963397361144754177.jpg,dairy-product
kfc-i963759747978616833.jpg,fruit
kfc-i964499621874606080.jpg,fruit
kfc-i966311557641617408.jpg,soup
kfc-i968833164746530817.jpg,rice
kfc-i974654023377793027.jpg,fried-food
kfc-i989957099412078592.jpg,vegetable
kitkat-i1015505700628262912.jpg,fruit
kitkat-i1015601407427317761.jpg,vegetable
kitkat-i1015606441430999041.jpg,fried-food
kitkat-i1015611603650260992.jpg,fruit
kitkat-i1015616519034888192.jpg,soup
kitkat-i1019502029012684800.jpg,dairy-product
kitkat-i1024597955192545280.jpg,rice
kitkat-i1029657922106793984.jpg,rice
kitkat-i1032200114016804864.jpg,dessert
kitkat-i1036650051815268352.jpg,soup
kitkat-i1036894166113021952.jpg,vegetable
kitkat-i1047457716585877504.jpg,fried-food
kitkat-i1049262746364260353.jpg,bread
kitkat-i1049601049726767104.jpg,seafood
kitkat-i1050022220792287232.jpg,fried-food
kitkat-i1050023144675631105.jpg,fried-food
kitkat-i1050365281628028928.jpg,dairy-product
kitkat-i1050764441648795653.jpg,soup
kitkat-i1055113879481671681.jpg,dairy-product
kitkat-i1055820520518836224.jpg,meat
kitkat-i1056862598061326337.jpg,vegetable
kitkat-i1056877307334410245.jpg,egg
kitkat-i1057242157667532800.jpg,noodles/pasta
kitkat-i1057312510263607296.jpg,soup
kitkat-i1059878186190811138.jpg,seafood
kitkat-i1059879483510083585.jpg,dessert
kitkat-i1060920564137816064.jpg,noodles/pasta
kitkat-i1062020313054089219.jpg,vegetable
kitkat-i786136851933454336.jpg,vegetable
kitkat-i787941319041843200.jpg,egg
kitkat-i788688664918368256.jpg,bread
kitkat-i790841655444115456.jpg,vegetable
kitkat-i791202923933990913.jpg,fruit
kitkat-i791565225187168256.jpg,dairy-product
kitkat-i791927570845487113.jpg,meat
kitkat-i792690691193184256.jpg,dessert
kitkat-i793030003000836097.jpg,dairy-product
kitkat-i793106427971772416.jpg,seafood
kitkat-i795566478502334464.jpg,bread
kitkat-i796002867278712832.jpg,dairy-product
kitkat-i796306482056822784.jpg,fruit
kitkat-i798828132153200640.jpg,bread
kitkat-i799552828444327936.jpg,soup
kitkat-i801727167818268672.jpg,rice
kitkat-i803176779997323264.jpg,dessert
kitkat-i803191933698973696.jpg,dairy-product
kitkat-i804263850883371008.jpg,rice
kitkat-i805721008191717376.jpg,meat
kitkat-i806808101080821760.jpg,seafood
kitkat-i808258347808018432.jpg,fruit
kitkat-i808620008917987328.jpg,vegetable
kitkat-i809371242553708544.jpg,rice
kitkat-i810795662270836736.jpg,bread
kitkat-i811172143358689280.jpg,soup
kitkat-i811240582374899712.jpg,seafood
kitkat-i811873957037174784.jpg,soup
kitkat-i811937861012492288.jpg,seafood
kitkat-i812236328410587136.jpg,meat
kitkat-i812598704351756288.jpg,dairy-product
kitkat-i812613818329268224.jpg,noodles/pasta
kitkat-i815135432207802372.jpg,egg
kitkat-i815348079993962497.jpg,meat
kitkat-i820941169614004224.jpg,dairy-product
kitkat-i821296187768762368.jpg,vegetable
kitkat-i822020800345731073.jpg,rice
kitkat-i822390738965118976.jpg,fried-food
kitkat-i823470362650349569.jpg,meat
kitkat-i823832738042179587.jpg,fried-food
kitkat-i824195132815802371.jpg,dairy-product
kitkat-i824557515811721217.jpg,noodles/pasta
kitkat-i826007066162712577.jpg,dairy-product
kitkat-i826731850957717504.jpg,rice
kitkat-i827464182954127361.jpg,fried-food
kitkat-i828559025948213248.jpg,seafood
kitkat-i831442883668541440.jpg,rice
kitkat-i833617276456808448.jpg,meat
kitkat-i834704687790174209.jpg,noodles/pasta
kitkat-i839777978653495296.jpg,seafood
kitkat-i840140203087949825.jpg,bread
kitkat-i841227365657255936.jpg,meat
kitkat-i841952362902257664.jpg,dessert
kitkat-i842679241485553665.jpg,dairy-product
kitkat-i843764115097227265.jpg,fruit
kitkat-i844858835428818944.jpg,noodles/pasta
kitkat-i846648553841811456.jpg,vegetable
kitkat-i847735897760059392.jpg,dairy-product
kitkat-i849909712946692096.jpg,seafood
kitkat-i853895828821254144.jpg,fruit
kitkat-i856432529523462144.jpg,rice
kitkat-i899620687412961284.jpg,bread
kitkat-i919903075816607745.jpg,vegetable
kitkat-i920276125980463104.jpg,soup
kitkat-i921007817783435264.jpg,vegetable
kitkat-i921392398504259584.jpg,dairy-product
kitkat-i925301345866760193.jpg,dessert
kitkat-i925399753478811648.jpg,soup
kitkat-i941338145769115648.jpg,seafood
kitkat-i944161213780553730.jpg,dessert
kitkat-i944934644818022400.jpg,vegetable
kitkat-i963043448126402560.jpg,meat
kitkat-i963686208894365697.jpg,bread
kitkat-i977285128887197698.jpg,egg
kitkat-i977458757352546304.jpg,bread
kitkat-i977817288257818624.jpg,egg
kitkat-i979969635025113088.jpg,rice
kitkat-i980777494788886528.jpg,egg
kitkat-i986603663312420865.jpg,bread
kitkat-i996804807179554816.jpg,egg
kitkat-i999295892795592704.jpg,egg
Oreo-i1005105404538511360.jpg,rice
Oreo-i1010201292009033733.jpg,rice
Oreo-i1010310244164128768.jpg,meat
Oreo-i1014312562660462592.jpg,egg
Oreo-i1014480139638509568.jpg,rice
Oreo-i1015643704282017792.jpg,egg
Oreo-i1016792352122384387.jpg,soup
Oreo-i1026120645069791240.jpg,fried-food
Oreo-i1027210869120352256.jpg,meat
Oreo-i1028627165095632897.jpg,bread
Oreo-i1030525534969712640.jpg,egg
Oreo-i1031918859752759297.jpg,dairy-product
Oreo-i1032643631247548417.jpg,seafood
Oreo-i1034455565437751296.jpg,egg
Oreo-i1040616160897622017.jpg,rice
Oreo-i1043152882562940930.jpg,dessert
Oreo-i1043515271128875008.jpg,noodles/pasta
Oreo-i1044965314272940032.jpg,soup
Oreo-i1045327202743513089.jpg,bread
Oreo-i1045689589648838666.jpg,soup
Oreo-i1046791857768996865.jpg,seafood
Oreo-i1047194701001101312.jpg,soup
Oreo-i1047235363578761216.jpg,fried-food
Oreo-i1047238727335104513.jpg,fried-food
Oreo-i1047501531359137793.jpg,egg
Oreo-i1048226307551768576.jpg,egg
Oreo-i1049690963386331136.jpg,vegetable
Oreo-i1052574957794811905.jpg,dairy-product
Oreo-i1052937346553909255.jpg,bread
Oreo-i1053299736168423424.jpg,noodles/pasta
Oreo-i1056924192258572288.jpg,soup
Oreo-i1060562592752721921.jpg,fried-food
Oreo-i1060924982379732992.jpg,fried-food
Oreo-i1062110903552929793.jpg,noodles/pasta
Oreo-i886961194665476097.jpg,seafood
Oreo-i899705649612902401.jpg,dairy-product
Oreo-i918863743727026176.jpg,dairy-product
Oreo-i921390572748918784.jpg,rice
Oreo-i921503803966332928.jpg,fried-food
Oreo-i939221584371470336.jpg,seafood
Oreo-i947693884242509824.jpg,fruit
Oreo-i951192127832231936.jpg,noodles/pasta
Oreo-i960627720924418048.jpg,meat
Oreo-i960911601326018561.jpg,fruit
Oreo-i961288252115349504.jpg,dairy-product
Oreo-i962068598838591488.jpg,dessert
Oreo-i962139060499304450.jpg,fruit
Oreo-i962142320136278016.jpg,seafood
Oreo-i962146575110803457.jpg,dessert
Oreo-i962147094336364549.jpg,seafood
Oreo-i962147237718568960.jpg,dairy-product
Oreo-i962160138692984833.jpg,bread
Oreo-i962163803042533376.jpg,fruit
Oreo-i962166884161474560.jpg,meat
Oreo-i962171682696949760.jpg,noodles/pasta
Oreo-i963480412142972928.jpg,rice
Oreo-i963933379933618178.jpg,vegetable
Oreo-i964295778062618625.jpg,fried-food
Oreo-i966085080790663171.jpg,soup
Oreo-i969042794047262720.jpg,fried-food
redlobster-i1000027925675200512.jpg,rice
redlobster-i1000776913063948289.jpg,dairy-product
redlobster-i1001847062193991680.jpg,seafood
redlobster-i1002641616358789120.jpg,meat
redlobster-i1003032010791768066.jpg,noodles/pasta
redlobster-i1003654613176905730.jpg,dessert
redlobster-i1004020485288587264.jpg,rice
redlobster-i1004381100796534784.jpg,rice
redlobster-i1004827941434470400.jpg,dessert
redlobster-i1005482963772084225.jpg,vegetable
redlobster-i1005832965551722496.jpg,egg
redlobster-i1006187817150701569.jpg,bread
redlobster-i1006549577707737090.jpg,seafood
redlobster-i1007279129186709506.jpg,rice
redlobster-i1007670211095547904.jpg,meat
redlobster-i1008815099694469126.jpg,noodles/pasta
redlobster-i1009454365474729987.jpg,bread
redlobster-i1010257118983868417.jpg,rice
redlobster-i1010561592910544896.jpg,fruit
redlobster-i1010921190020517888.jpg,dairy-product
redlobster-i1011260696603037697.jpg,dessert
redlobster-i1011987921598124040.jpg,rice
redlobster-i1012347116512006144.jpg,meat
redlobster-i1013075420177104896.jpg,soup
redlobster-i1013445375687102466.jpg,seafood
redlobster-i1014182108909142018.jpg,bread
redlobster-i1014524738390167552.jpg,seafood
redlobster-i1014889277224824832.jpg,meat
redlobster-i1015252207711784960.jpg,bread
redlobster-i1015301775971274753.jpg,bread
redlobster-i1015604824291856386.jpg,noodles/pasta
redlobster-i1015642100560531456.jpg,meat
redlobster-i1015966991834894336.jpg,soup
redlobster-i1016336716721020928.jpg,meat
redlobster-i1017074493158719488.jpg,vegetable
redlobster-i1017424969670721536.jpg,bread
redlobster-i1017786461289091072.jpg,vegetable
redlobster-i1019265163713753088.jpg,fried-food
redlobster-i1020685582681493504.jpg,fried-food
redlobster-i1021047851684593665.jpg,dairy-product
redlobster-i1021410062647136257.jpg,meat
redlobster-i1022213704249745408.jpg,vegetable
redlobster-i1022499536164585473.jpg,fruit
redlobster-i1022946914768236545.jpg,seafood
redlobster-i1023219783809069056.jpg,seafood
redlobster-i1023604780906762240.jpg,dessert
redlobster-i1024308873912614914.jpg,soup
redlobster-i1024673751978393607.jpg,soup
redlobster-i1025398808254009345.jpg,noodles/pasta
redlobster-i1025776282800406530.jpg,seafood
redlobster-i1026481547099222016.jpg,fruit
redlobster-i1027210550856613888.jpg,seafood
redlobster-i1027705090688409600.jpg,rice
redlobster-i1028011294656524289.jpg,fruit
redlobster-i1028313093904977920.jpg,rice
redlobster-i1029020205245181952.jpg,seafood
redlobster-i1029378498119524352.jpg,fried-food
redlobster-i1029747265022427136.jpg,fried-food
redlobster-i1030466534806892549.jpg,rice
redlobster-i1030852074374868992.jpg,rice
redlobster-i1032280745522409472.jpg,fruit
redlobster-i1033009227088977921.jpg,fruit
redlobster-i1033366893728620544.jpg,dairy-product
redlobster-i1033751844936462336.jpg,egg
redlobster-i1034091396481855488.jpg,rice
redlobster-i1034539622720831488.jpg,fruit
redlobster-i1034826166488780801.jpg,vegetable
redlobster-i1035178063036915713.jpg,noodles/pasta
redlobster-i1035543361258696704.jpg,meat
redlobster-i1035907843646541826.jpg,rice
redlobster-i1036264007013941248.jpg,vegetable
redlobster-i1036995027237580800.jpg,seafood
redlobster-i1037053159653482496.jpg,meat
redlobster-i1037357335415595013.jpg,seafood
redlobster-i1037715249481306114.jpg,egg
redlobster-i1038155830753992705.jpg,noodles/pasta
redlobster-i1038440049778544640.jpg,seafood
redlobster-i1038822346872815616.jpg,dessert
redlobster-i1039167107878019072.jpg,dairy-product
redlobster-i1040251005668077568.jpg,soup
redlobster-i1040998877703417857.jpg,bread
redlobster-i1042100030000312320.jpg,dairy-product
redlobster-i1042422692358578176.jpg,noodles/pasta
redlobster-i1042791177106464769.jpg,soup
redlobster-i1043596548783923200.jpg,fruit
redlobster-i1043879169074040837.jpg,bread
redlobster-i1044963272858963968.jpg,meat
redlobster-i1045335736801726464.jpg,fruit
redlobster-i1045691399616761858.jpg,vegetable
redlobster-i1046070319251959808.jpg,bread
redlobster-i1047139828972830720.jpg,fried-food
redlobster-i1047841270645833730.jpg,fried-food
redlobster-i1047877988413526018.jpg,vegetable
redlobster-i1048609138467647491.jpg,dairy-product
redlobster-i1049674406857977856.jpg,vegetable
redlobster-i1050036621163290625.jpg,vegetable
redlobster-i1050397571347374080.jpg,noodles/pasta
redlobster-i1050839397929766912.jpg,vegetable
redlobster-i1051128428777353216.jpg,noodles/pasta
redlobster-i1051498514042236929.jpg,bread
redlobster-i1052215304275791872.jpg,noodles/pasta
redlobster-i1052592212347932672.jpg,egg
redlobster-i1052938261876920320.jpg,noodles/pasta
redlobster-i1053302431654789120.jpg,egg
redlobster-i1053325304163385344.jpg,vegetable
redlobster-i1053679412049256448.jpg,noodles/pasta
redlobster-i1054102275797467136.jpg,bread
redlobster-i1055112479276220417.jpg,seafood
redlobster-i1055475539119611905.jpg,seafood
redlobster-i1055912453509447682.jpg,meat
redlobster-i1056561480953487361.jpg,dessert
redlobster-i1057423675186655238.jpg,fried-food
redlobster-i1057646635747102722.jpg,fried-food
redlobster-i1057718257925394435.jpg,noodles/pasta
redlobster-i1057765211397111810.jpg,rice
redlobster-i1058076096791568384.jpg,noodles/pasta
redlobster-i1058740943787081728.jpg,seafood
redlobster-i1059203785673883648.jpg,seafood
redlobster-i1059483226761244677.jpg,rice
redlobster-i1060562044221566977.jpg,fruit
redlobster-i1061012195838955520.jpg,fruit
redlobster-i1061648291270705158.jpg,fried-food
redlobster-i1062737387422445568.jpg,meat
redlobster-i994312017648521216.jpg,fried-food
redlobster-i994591071249321992.jpg,bread
redlobster-i994958002225664000.jpg,fried-food
redlobster-i995333499627417600.jpg,meat
redlobster-i995703693482881024.jpg,soup
redlobster-i996045407292743680.jpg,dessert
redlobster-i996765742866534400.jpg,egg
redlobster-i997490909704065024.jpg,rice
redlobster-i998217481134268416.jpg,vegetable
redlobster-i999301107548647426.jpg,fried-food
redlobster-i999668551257600001.jpg,vegetable
tacobell-i1004135782418866176.jpg,dairy-product
tacobell-i1007261377151451138.jpg,soup
tacobell-i1008695835280924673.jpg,meat
tacobell-i1009908357803565056.jpg,soup
tacobell-i1010235982761820161.jpg,soup
tacobell-i1012002624135188481.jpg,bread
tacobell-i1012501610826567681.jpg,meat
tacobell-i1012863048892026881.jpg,egg
tacobell-i1013784361500643328.jpg,soup
tacobell-i1014267543895396353.jpg,rice
tacobell-i1014947020740497408.jpg,rice
tacobell-i1017423344147107841.jpg,meat
tacobell-i1019760844077400065.jpg,dessert
tacobell-i1020386403497127936.jpg,soup
tacobell-i1020521424115544065.jpg,fried-food
tacobell-i1021832815388893186.jpg,seafood
tacobell-i1022547731070341126.jpg,seafood
tacobell-i1026909681980043264.jpg,meat
tacobell-i1029442533699543040.jpg,dairy-product
tacobell-i1030091819290451970.jpg,rice
tacobell-i1030424011774279680.jpg,fried-food
tacobell-i1031580155334946816.jpg,egg
tacobell-i1031733811883606017.jpg,soup
tacobell-i1031737070648057856.jpg,fried-food
tacobell-i1032673828554461189.jpg,bread
tacobell-i1032720975123509248.jpg,noodles/pasta
tacobell-i1033049249922015232.jpg,dessert
tacobell-i1035243480459571200.jpg,fried-food
tacobell-i1037463166807027713.jpg,fried-food
tacobell-i1039225548424196096.jpg,fried-food
tacobell-i1040283981382643713.jpg,dessert
tacobell-i1040646364919672833.jpg,dairy-product
tacobell-i1042900132151414784.jpg,dessert
tacobell-i1042904600884506624.jpg,soup
tacobell-i1043198915711922176.jpg,fried-food
tacobell-i1045463097794678784.jpg,meat
tacobell-i1048658013429493760.jpg,meat
tacobell-i1049741372843024386.jpg,dessert
tacobell-i1052212569300226048.jpg,fruit
tacobell-i1053446734079119361.jpg,bread
tacobell-i1057331305539457024.jpg,bread
tacobell-i1059505627733454849.jpg,rice
tacobell-i941774303170719745.jpg,fried-food
tacobell-i943179133588295682.jpg,dairy-product
tacobell-i948227973227802624.jpg,dessert
tacobell-i950774612102656000.jpg,vegetable
tacobell-i950900132945453056.jpg,meat
tacobell-i956542180905992199.jpg,rice
tacobell-i961041823689928704.jpg,soup
tacobell-i963889407567609856.jpg,dairy-product
tacobell-i966840034170085376.jpg,noodles/pasta
tacobell-i971747376259108864.jpg,dairy-product
tacobell-i972517446870585345.jpg,bread
tacobell-i973723066818691072.jpg,dessert
tacobell-i975788624808570880.jpg,noodles/pasta
tacobell-i976252220667604993.jpg,egg
tacobell-i976474486085099520.jpg,soup
tacobell-i976866110136971264.jpg,egg
tacobell-i977276151751106560.jpg,soup
tacobell-i978632735353958400.jpg,noodles/pasta
tacobell-i978995146371952640.jpg,vegetable
tacobell-i980882570245058560.jpg,noodles/pasta
tacobell-i981308642774274048.jpg,soup
tacobell-i981531846721843206.jpg,soup
tacobell-i981939542776254469.jpg,rice
tacobell-i982226432402178049.jpg,fried-food
tacobell-i984159919829016576.jpg,egg
tacobell-i984586980804579328.jpg,bread
tacobell-i984868833872752641.jpg,fried-food
tacobell-i985986196735123456.jpg,vegetable
tacobell-i986425207194714112.jpg,vegetable
tacobell-i986775938074464256.jpg,noodles/pasta
tacobell-i988856108994379776.jpg,seafood
tacobell-i991467303232589824.jpg,soup
tacobell-i991694067917623297.jpg,dairy-product
tacobell-i992116581726605317.jpg,meat
tacobell-i992904732308983808.jpg,meat
tacobell-i994351313470177281.jpg,fried-food
tacobell-i994577809380081664.jpg,dessert
tacobell-i999424740900007936.jpg,soup
Wendys-i1054379252714483713.jpg,fried-food
Wendys-i1055120182564343809.jpg,bread
Wendys-i1055467479382872065.jpg,rice
Wendys-i1055852478250520576.jpg,noodles/pasta
Wendys-i1057284904021565441.jpg,fried-food
Wendys-i1059835790455463937.jpg,meat
Wendys-i1060224787077914624.jpg,seafood
Wendys-i1060561029908914177.jpg,egg
Wendys-i1062375435273682944.jpg,bread
WhiteCastle-i1003670883700002816.jpg,noodles/pasta
WhiteCastle-i1008001262028091392.jpg,dessert
WhiteCastle-i1008809996396711936.jpg,soup
WhiteCastle-i1009835839805771776.jpg,rice
WhiteCastle-i1011247649268232197.jpg,bread
WhiteCastle-i1011727457701986304.jpg,fried-food
WhiteCastle-i1013784358547845122.jpg,seafood
WhiteCastle-i1017891421251145728.jpg,noodles/pasta
WhiteCastle-i1018287350772793345.jpg,dairy-product
WhiteCastle-i1018986131965317121.jpg,rice
WhiteCastle-i1019363620340236288.jpg,dessert
WhiteCastle-i1021500201230512128.jpg,fruit
WhiteCastle-i1024036914876170240.jpg,seafood
WhiteCastle-i1026543431378784263.jpg,fruit
WhiteCastle-i1029140544834789376.jpg,fried-food
WhiteCastle-i1030461749042995200.jpg,seafood
WhiteCastle-i1030529700492390401.jpg,meat
WhiteCastle-i1031654607498301440.jpg,dessert
WhiteCastle-i1031734520893059073.jpg,rice
WhiteCastle-i1034164898505285632.jpg,seafood
WhiteCastle-i1034191324591915008.jpg,egg
WhiteCastle-i1035280721030590465.jpg,seafood
WhiteCastle-i1039675962349297670.jpg,egg
WhiteCastle-i1039891381853007873.jpg,fruit
WhiteCastle-i1040276659457404928.jpg,bread
WhiteCastle-i1040676556518158337.jpg,dessert
WhiteCastle-i1044326126984855552.jpg,egg
WhiteCastle-i1047482534236508161.jpg,dairy-product
WhiteCastle-i1048269415299657728.jpg,noodles/pasta
WhiteCastle-i1049401286758678529.jpg,meat
WhiteCastle-i1049752610541096961.jpg,meat
WhiteCastle-i1050032890434768896.jpg,noodles/pasta
WhiteCastle-i1050455492055748608.jpg,dairy-product
WhiteCastle-i1050783493733662720.jpg,meat
WhiteCastle-i1050823419590144000.jpg,egg
WhiteCastle-i1051178255221309440.jpg,seafood
WhiteCastle-i1052234212072407040.jpg,dessert
WhiteCastle-i1053401612079763458.jpg,dessert
WhiteCastle-i1053683763241136128.jpg,dairy-product
WhiteCastle-i1054436403818491910.jpg,noodles/pasta
WhiteCastle-i1055133567125196805.jpg,vegetable
WhiteCastle-i1055481611662385152.jpg,seafood
WhiteCastle-i1055873008991158280.jpg,rice
WhiteCastle-i1056344545745547265.jpg,rice
WhiteCastle-i1056583117845204993.jpg,fruit
WhiteCastle-i1058078725458268167.jpg,meat
WhiteCastle-i1058124022871977984.jpg,soup
WhiteCastle-i1060207752104931328.jpg,egg
WhiteCastle-i1060954729868640256.jpg,noodles/pasta
WhiteCastle-i1062085714840641536.jpg,soup
WhiteCastle-i1062125392343920641.jpg,seafood
WhiteCastle-i859867788860588034.jpg,bread
WhiteCastle-i860150795244883968.jpg,fruit
WhiteCastle-i860589866425487360.jpg,egg
WhiteCastle-i861957416287707136.jpg,fried-food
WhiteCastle-i864125722360594434.jpg,seafood
WhiteCastle-i864935968125726720.jpg,vegetable
WhiteCastle-i866742495425814529.jpg,fruit
WhiteCastle-i867110738158026752.jpg,bread
WhiteCastle-i867475225046384640.jpg,noodles/pasta
WhiteCastle-i868180209186549761.jpg,rice
WhiteCastle-i869942748165570564.jpg,bread
WhiteCastle-i872155752231616512.jpg,meat
WhiteCastle-i872192062690603010.jpg,bread
WhiteCastle-i872554721231425541.jpg,dairy-product
WhiteCastle-i872848424269426688.jpg,dairy-product
WhiteCastle-i874644153820381185.jpg,seafood
WhiteCastle-i875454017735761920.jpg,fruit
WhiteCastle-i876892364517888001.jpg,noodles/pasta
WhiteCastle-i877599338280525824.jpg,rice
WhiteCastle-i878265097042378754.jpg,dessert
WhiteCastle-i879432695872356352.jpg,meat
WhiteCastle-i879689410840809472.jpg,rice
WhiteCastle-i880506560119791616.jpg,egg
WhiteCastle-i880823989643481088.jpg,rice
WhiteCastle-i881527904244424709.jpg,egg
WhiteCastle-i881882750587781120.jpg,bread
WhiteCastle-i882695418211119104.jpg,noodles/pasta
WhiteCastle-i884502498601443329.jpg,dairy-product
WhiteCastle-i884799382587138051.jpg,bread
WhiteCastle-i885551800119697408.jpg,bread
WhiteCastle-i885874262204182529.jpg,bread
WhiteCastle-i886722122005041153.jpg,soup
WhiteCastle-i886933525726875649.jpg,vegetable
WhiteCastle-i887412297819467776.jpg,dessert
WhiteCastle-i889500072991494145.jpg,vegetable
WhiteCastle-i889945867414667264.jpg,vegetable
WhiteCastle-i890308263618596864.jpg,fried-food
WhiteCastle-i890572497237688327.jpg,rice
WhiteCastle-i890965089221623808.jpg,bread
WhiteCastle-i892022039485087744.jpg,noodles/pasta
WhiteCastle-i892093551571599360.jpg,dessert
WhiteCastle-i892838559350181888.jpg,vegetable
WhiteCastle-i893201131828105216.jpg,fruit
WhiteCastle-i894936598722347008.jpg,rice
WhiteCastle-i895736535013769216.jpg,fried-food
WhiteCastle-i897472139632234496.jpg,noodles/pasta
WhiteCastle-i898273259845636096.jpg,fruit
WhiteCastle-i899989847514939393.jpg,dessert
WhiteCastle-i900715008673316865.jpg,fried-food
WhiteCastle-i901172363999363073.jpg,fruit
WhiteCastle-i901451681346367488.jpg,vegetable
WhiteCastle-i902278722165907456.jpg,dessert
WhiteCastle-i902636988716662784.jpg,egg
WhiteCastle-i903349268462931969.jpg,seafood
WhiteCastle-i903678756111482880.jpg,dessert
WhiteCastle-i904705615154569217.jpg,seafood
WhiteCastle-i905166800207437825.jpg,rice
WhiteCastle-i905449435055972354.jpg,fried-food
WhiteCastle-i905815429599203328.jpg,dessert
WhiteCastle-i906253334520008704.jpg,dairy-product
WhiteCastle-i907334622635229184.jpg,seafood
WhiteCastle-i907999336390201344.jpg,dessert
WhiteCastle-i908423038231875584.jpg,fried-food
WhiteCastle-i910253034172796930.jpg,fruit
WhiteCastle-i910508069070737408.jpg,dessert
WhiteCastle-i910903365135200258.jpg,meat
WhiteCastle-i911293854271328256.jpg,soup
WhiteCastle-i911321982242742272.jpg,meat
WhiteCastle-i912313500923568128.jpg,bread
WhiteCastle-i912771524385312768.jpg,fried-food
WhiteCastle-i913142013943574529.jpg,fried-food
WhiteCastle-i913496286774542342.jpg,meat
WhiteCastle-i913862212652957696.jpg,dessert
WhiteCastle-i915685047998586883.jpg,fried-food
WhiteCastle-i916400176016777218.jpg,rice
WhiteCastle-i917791895631171584.jpg,fruit
WhiteCastle-i918204577442181120.jpg,noodles/pasta
WhiteCastle-i918568709299388416.jpg,dessert
WhiteCastle-i918928832853188608.jpg,dessert
WhiteCastle-i920396165782360065.jpg,dairy-product
WhiteCastle-i920667242915876867.jpg,fried-food
WhiteCastle-i921375376164708352.jpg,fruit
WhiteCastle-i922556734798839808.jpg,rice
WhiteCastle-i922824284824797185.jpg,meat
WhiteCastle-i923187400750313478.jpg,bread
WhiteCastle-i923549785214164992.jpg,rice
WhiteCastle-i923639873139068928.jpg,dessert
WhiteCastle-i923912183850737665.jpg,fried-food
WhiteCastle-i923989689136308224.jpg,noodles/pasta
WhiteCastle-i924021639540482048.jpg,fried-food
WhiteCastle-i924274576393203712.jpg,fried-food
WhiteCastle-i924636944860176384.jpg,seafood
WhiteCastle-i924999352111599617.jpg,seafood
WhiteCastle-i925361736567238656.jpg,dairy-product
WhiteCastle-i925814708011122688.jpg,vegetable
WhiteCastle-i926177108849823745.jpg,vegetable
WhiteCastle-i927188765524639745.jpg,soup
WhiteCastle-i928366518802567168.jpg,fried-food
WhiteCastle-i928676684534046721.jpg,dessert
WhiteCastle-i928728917854375936.jpg,bread
WhiteCastle-i929363091720212481.jpg,rice
WhiteCastle-i930097557379960834.jpg,bread
WhiteCastle-i930186012558594048.jpg,vegetable
WhiteCastle-i930442700712689664.jpg,fruit
WhiteCastle-i930888132651896833.jpg,meat
WhiteCastle-i931204351376416768.jpg,dessert
WhiteCastle-i931258069501317120.jpg,soup
WhiteCastle-i931620462978723840.jpg,meat
WhiteCastle-i933439957271764992.jpg,rice
WhiteCastle-i934059043735457793.jpg,rice
WhiteCastle-i935219128318812160.jpg,fried-food
WhiteCastle-i935319834060926976.jpg,dessert
WhiteCastle-i936323966129590277.jpg,dairy-product
WhiteCastle-i937803712361201664.jpg,seafood
WhiteCastle-i938060418341318656.jpg,fried-food
WhiteCastle-i938432734833262592.jpg,seafood
WhiteCastle-i938875779005366272.jpg,egg
WhiteCastle-i939151184308224000.jpg,fried-food
WhiteCastle-i940320218445950978.jpg,bread
WhiteCastle-i940385713983508481.jpg,bread
WhiteCastle-i941397383425826816.jpg,fried-food
WhiteCastle-i942031584835674113.jpg,bread
WhiteCastle-i942393956603703299.jpg,dessert
WhiteCastle-i942756354501906434.jpg,seafood
WhiteCastle-i942823997309378560.jpg,rice
WhiteCastle-i943118744544468992.jpg,rice
WhiteCastle-i943194225469947904.jpg,meat
WhiteCastle-i943481115918057474.jpg,bread
WhiteCastle-i943843504995762176.jpg,dessert
WhiteCastle-i944205895608688645.jpg,meat
WhiteCastle-i944296485398626304.jpg,meat
WhiteCastle-i944568283788800000.jpg,dairy-product
WhiteCastle-i944930671562178561.jpg,egg
WhiteCastle-i945746045039865857.jpg,fried-food
WhiteCastle-i946108433417170945.jpg,egg
WhiteCastle-i946412306795286528.jpg,rice
WhiteCastle-i946818105547939846.jpg,dairy-product
WhiteCastle-i947829765356081152.jpg,meat
WhiteCastle-i948267651025039360.jpg,rice
WhiteCastle-i948986797706670080.jpg,bread
WhiteCastle-i949294424965525504.jpg,egg
WhiteCastle-i949330103447773185.jpg,fruit
WhiteCastle-i950819466262302720.jpg,soup
WhiteCastle-i951121459598053377.jpg,fried-food
WhiteCastle-i951483858951655424.jpg,soup
WhiteCastle-i952928159636377600.jpg,soup
WhiteCastle-i953718571774947330.jpg,soup
WhiteCastle-i954005471953870848.jpg,bread
WhiteCastle-i955459361782009857.jpg,soup
WhiteCastle-i956207469524652032.jpg,seafood
WhiteCastle-i956617676016697344.jpg,seafood
WhiteCastle-i957987247529381888.jpg,fried-food
WhiteCastle-i958124655658889216.jpg,rice
WhiteCastle-i959565712179257344.jpg,fried-food
WhiteCastle-i960353427518836737.jpg,soup
WhiteCastle-i962363055253241858.jpg,rice
WhiteCastle-i963465301798019072.jpg,noodles/pasta
WhiteCastle-i964190080360357889.jpg,egg
WhiteCastle-i964499623774531584.jpg,bread
WhiteCastle-i964569579921002496.jpg,noodles/pasta
WhiteCastle-i968538744247664641.jpg,fried-food
WhiteCastle-i973581965906534400.jpg,dairy-product
WhiteCastle-i974306742220701696.jpg,rice
WhiteCastle-i975041102704193536.jpg,noodles/pasta
WhiteCastle-i976118693854760960.jpg,vegetable
WhiteCastle-i978655382343053312.jpg,fried-food
WhiteCastle-i979017771169193984.jpg,seafood
WhiteCastle-i979019964429553664.jpg,rice
WhiteCastle-i980467337563287552.jpg,egg
WhiteCastle-i987425672422309888.jpg,vegetable
WhiteCastle-i992373273626230784.jpg,meat
WhiteCastle-i997582599114506240.jpg,bread
